dataset,variant,label,completed_seeds,required_seeds,f1_mean,f1_std,delta_vs_optimal_base,precision_mean,recall_mean,candidate_recall_mean,runtime_mean_seconds
enron,optimal_base,Optimal base,3,3,0.30708345895792927,0.0072210173484905885,0.0,0.3929046318020312,0.2526455026455026,0.3029100529100529,2.3884597016343228
enron,minus_p1,Base − P1,3,3,0.26939488162962966,0.0006227224632077814,-0.03768857732829961,0.4550803982388219,0.19135802469135801,0.3029100529100529,1.5414439319865778
enron,plus_p2,Base + P2,3,3,0.30708345895792927,0.0072210173484905885,0.0,0.3929046318020312,0.2526455026455026,0.3029100529100529,2.4169446013402194
enron,plus_matched,Base + matched,3,3,0.30708345895792927,0.0072210173484905885,0.0,0.3929046318020312,0.2526455026455026,0.3029100529100529,2.6525349896789217
enron,plus_p3,Base + P3,3,3,0.2989991876324145,0.010048411171826524,-0.008084271325514758,0.4467693128337702,0.2261904761904762,0.3029100529100529,6.23650855361484
enron,plus_p4,Base + P4,3,3,0.3033982146603658,0.01249879342172923,-0.0036852442975634503,0.40522259533153715,0.24470899470899474,0.3029100529100529,3.0050835106909894
enron,balance_toggle,Base ± balance,3,3,0.3117394397688525,0.002823141879383966,0.0046559808109232215,0.39654196230935607,0.25793650793650796,0.3029100529100529,2.214307344984263
enron,full,Full,3,3,0.3067066072557015,0.009016926950829722,-0.0003768517022277873,0.426413544524801,0.2411816578483245,0.3029100529100529,7.378453088963094
enron,full_minus_p1,Full − P1,3,3,0.27440848214634617,0.010192790925210094,-0.0326749768115831,0.4517671645460692,0.1970899470899471,0.3029100529100529,5.044492077974913
enron,full_minus_p2,Full − P2,3,3,0.3067066072557015,0.009016926950829722,-0.0003768517022277873,0.426413544524801,0.2411816578483245,0.3029100529100529,7.3930056966686
enron,full_minus_p3,Full − P3,3,3,0.3033982146603658,0.01249879342172923,-0.0036852442975634503,0.40522259533153715,0.24470899470899474,0.3029100529100529,3.0336366736640534
enron,full_minus_p4,Full − P4,3,3,0.2989991876324145,0.010048411171826524,-0.008084271325514758,0.4467693128337702,0.2261904761904762,0.3029100529100529,6.248820010689087
enron,full_minus_balance,Full − balance,3,3,0.30777340458012725,0.009049695169511362,0.0006899456221979849,0.4236642829204116,0.24382716049382716,0.3029100529100529,6.855464551015757
fb_auto,optimal_base,Optimal base,3,3,0.8072587449402535,0.0027452680963048603,0.0,0.6898925548769981,0.972757881848791,0.9940312213039486,32.773833503364585
fb_auto,minus_p1,Base − P1,3,3,0.8003250431670369,0.001637758331466585,-0.006933701773216616,0.6776698659045707,0.9771962044689317,0.9940312213039486,18.525396089651622
fb_auto,plus_p2,Base + P2,3,3,0.8064884428629769,0.0022291393479970537,-0.0007703020772765745,0.6920463351497745,0.9663299663299663,0.9940312213039486,30.65060213363419
fb_auto,plus_matched,Base + matched,3,3,0.8067949822004371,0.0027018985742110124,-0.00046376273981640903,0.6889168786775942,0.9733700642791551,0.9940312213039486,29.1191114433265
fb_auto,plus_p3,Base + P3,3,3,0.7989558575275372,0.00014923111337552836,-0.008302887412716342,0.6847151014458251,0.9591368227731865,0.9940312213039486,113.22408985129248
fb_auto,plus_p4,Base + P4,3,3,0.8041092584512975,0.0017600953969378519,-0.003149486488955966,0.6829698408956707,0.977502295684114,0.9940312213039486,33.32643743600541
fb_auto,balance_toggle,Base ± balance,3,3,0.7986287084914818,0.001626810793673832,-0.008630036448771694,0.6748227060448713,0.978114478114478,0.9940312213039486,26.671634090365842
fb_auto,full,Full,3,3,0.8010062977815252,0.001640532888490672,-0.006252447158728303,0.6847973259576773,0.9649525558616467,0.9940312213039486,132.62214358197525
fb_auto,full_minus_p1,Full − P1,3,3,0.7984406183248557,0.0009096467352612771,-0.008818126615397825,0.6904277675900349,0.9467401285583104,0.9940312213039486,76.35840358798548
fb_auto,full_minus_p2,Full − P2,3,3,0.8014652875930822,0.003384254065410746,-0.005793457347171294,0.6889402233575673,0.958065503520049,0.9940312213039486,122.74960032392603
fb_auto,full_minus_p3,Full − P3,3,3,0.8035708228038296,0.0010516019054169006,-0.0036879221364238823,0.6818166136375389,0.9782675237220692,0.9940312213039486,30.976972619614873
fb_auto,full_minus_p4,Full − P4,3,3,0.8033566698353404,0.005879568264775899,-0.0039020751049131386,0.7015711554301416,0.9403122130394858,0.9940312213039486,117.25996209902223
fb_auto,full_minus_balance,Full − balance,3,3,0.7995405610638754,0.0008826859945348592,-0.007718183876378126,0.682792414382604,0.9644934190388735,0.9940312213039486,124.70994540994677
school,optimal_base,Optimal base,3,3,0.6242252470882933,0.006273206785515837,0.0,0.6560278206026801,0.5958228379513014,0.8984571788413098,23.255463057003606
school,minus_p1,Base − P1,3,3,0.5169551905746962,0.012033512193249588,-0.10727005651359711,0.7282508256356146,0.40092359361880775,0.8984571788413098,14.993352126989825
school,plus_p2,Base + P2,3,3,0.623955099869555,0.006204815639583484,-0.0002701472187383036,0.6552902236050316,0.5959277917716205,0.8984571788413098,23.42463771835901
school,plus_matched,Base + matched,3,3,0.6242252470882933,0.006273206785515837,0.0,0.6560278206026801,0.5958228379513014,0.8984571788413098,23.344118990314502
school,plus_p3,Base + P3,3,3,0.628615648823632,0.001146220354587745,0.004390401735338667,0.6682445984021962,0.5934613769941226,0.8984571788413098,66.23065516065496
school,plus_p4,Base + P4,3,3,0.6228222710380072,0.00962923841828317,-0.0014029760502860533,0.654630188575294,0.5949832073887489,0.8984571788413098,46.91728196797582
school,balance_toggle,Base ± balance,3,3,0.6282470257438065,0.0010950880304633358,0.004021778655513231,0.6709994554675531,0.590627623845508,0.8984571788413098,57.61860829805179
school,full,Full,3,3,0.6221935624844976,0.007788367844971215,-0.002031684603795658,0.654153884217825,0.5940910999160369,0.8984571788413098,228.4084985179749
school,full_minus_p1,Full − P1,3,3,0.6177278811864145,0.0054493797953873956,-0.006497365901878771,0.6763602295428975,0.5685873215785054,0.8984571788413098,125.91148059768602
school,full_minus_p2,Full − P2,3,3,0.6203260102017459,0.004356029637499424,-0.0038992368865473637,0.6552269006689916,0.5892107472712006,0.8984571788413098,241.0767894400051
school,full_minus_p3,Full − P3,3,3,0.6278841463884851,0.000382681571971326,0.003658899300191809,0.6700381697695038,0.5907325776658271,0.8984571788413098,74.24243367637973
school,full_minus_p4,Full − P4,3,3,0.6223928698117754,0.005388684875329045,-0.0018323772765178603,0.6698181722558454,0.5816015952980689,0.8984571788413098,141.0134932923053
school,full_minus_balance,Full − balance,3,3,0.627969285181964,0.002203256093714207,0.003744038093670743,0.6657542766298685,0.5943534844668346,0.8984571788413098,125.49118487137214
school2,optimal_base,Optimal base,3,3,0.7072701382109124,0.00015225828194044105,0.0,0.7252038850596215,0.6902020977232027,0.9237656689690458,6.734118853656885
school2,minus_p1,Base − P1,3,3,0.7026493971825273,0.0022635773997417953,-0.004620741028385167,0.7271119184193756,0.6797987550098065,0.9237656689690458,4.178275651298463
school2,plus_p2,Base + P2,3,3,0.7072701382109124,0.00015225828194044105,0.0,0.7252038850596215,0.6902020977232027,0.9237656689690458,6.830316089326516
school2,plus_matched,Base + matched,3,3,0.7072701382109124,0.00015225828194044105,0.0,0.7252038850596215,0.6902020977232027,0.9237656689690458,6.841046714340337
school2,plus_p3,Base + P3,3,3,0.7062569710702845,0.0009927166237294746,-0.0010131671406279352,0.7254336430391234,0.6880702651999658,0.9237656689690458,13.932969674662067
school2,plus_p4,Base + P4,3,3,0.7054303203089777,0.0020611665307239753,-0.0018398179019347705,0.7251400517130802,0.6867911656860236,0.9237656689690458,11.883109936684681
school2,balance_toggle,Base ± balance,3,3,0.7060213899603854,0.0001575547474947415,-0.0012487482505270098,0.7251237478724969,0.687899718598107,0.9237656689690458,12.10664152163857
school2,full,Full,3,3,0.7054555237814629,0.0008516754726284135,-0.0018146144294495237,0.7231771024425738,0.6885819050055427,0.9237656689690458,51.192040425996915
school2,full_minus_p1,Full − P1,3,3,0.699190357315266,0.0021072421228574088,-0.008079780895646427,0.721005466452115,0.6786902020977231,0.9237656689690458,35.3989213630169
school2,full_minus_p2,Full − P2,3,3,0.7041469744384035,0.0018157032644923457,-0.0031231637725089856,0.7237397142267974,0.685597339473011,0.9237656689690458,50.81124350032769
school2,full_minus_p3,Full − P3,3,3,0.7055933783740306,0.0006953960762416908,-0.0016767598368818692,0.7243191068575848,0.6878144452971774,0.9237656689690458,17.26238076633308
school2,full_minus_p4,Full − P4,3,3,0.7030349271477543,0.0026285216960561988,-0.004235211063158162,0.7155140777141696,0.6912253773343565,0.9237656689690458,35.0441413926892
school2,full_minus_balance,Full − balance,3,3,0.7064235530138143,0.0008052390464352332,-0.0008465851970981264,0.7226119850315488,0.6909695574315681,0.9237656689690458,30.180826682325762
