dataset,variant,label,seed,precision,recall,f1,jaccard,candidate_recall,candidate_count,runtime_seconds,states_json,log
enron,minus_p1,Base − P1,123,0.44648318042813456,0.1931216931216931,0.2696214219759926,0.15581643543223053,0.3029100529100529,919,1.5255823790794238,"{""balance"": true, ""matched"": false, ""p1"": false, ""p2"": false, ""p3"": false, ""p4"": false}",/home/tushurui/SPR-SC_20260907/06_REPRODUCTION_CODE/results_aligned_mlp_ablation_awgn20/logs/enron_minus_p1_seed123.log
enron,optimal_base,Optimal base,125,0.4191343963553531,0.24338624338624337,0.3079497907949791,0.18199802176063304,0.3029100529100529,919,2.3788078179350123,"{""balance"": true, ""matched"": false, ""p1"": true, ""p2"": false, ""p3"": false, ""p4"": false}",/home/tushurui/SPR-SC_20260907/06_REPRODUCTION_CODE/results_aligned_mlp_ablation_awgn20/logs/enron_optimal_base_seed125.log
enron,optimal_base,Optimal base,124,0.3822975517890772,0.26851851851851855,0.31546231546231546,0.18726937269372693,0.3029100529100529,919,2.405343048973009,"{""balance"": true, ""matched"": false, ""p1"": true, ""p2"": false, ""p3"": false, ""p4"": false}",/home/tushurui/SPR-SC_20260907/06_REPRODUCTION_CODE/results_aligned_mlp_ablation_awgn20/logs/enron_optimal_base_seed124.log
enron,optimal_base,Optimal base,123,0.3772819472616633,0.24603174603174602,0.2978382706164932,0.17497648165569143,0.3029100529100529,919,2.3812282379949465,"{""balance"": true, ""matched"": false, ""p1"": true, ""p2"": false, ""p3"": false, ""p4"": false}",/home/tushurui/SPR-SC_20260907/06_REPRODUCTION_CODE/results_aligned_mlp_ablation_awgn20/logs/enron_optimal_base_seed123.log
enron,minus_p1,Base − P1,124,0.4627831715210356,0.18915343915343916,0.26854460093896715,0.15509761388286333,0.3029100529100529,919,1.5783425079425797,"{""balance"": true, ""matched"": false, ""p1"": false, ""p2"": false, ""p3"": false, ""p4"": false}",/home/tushurui/SPR-SC_20260907/06_REPRODUCTION_CODE/results_aligned_mlp_ablation_awgn20/logs/enron_minus_p1_seed124.log
enron,minus_p1,Base − P1,125,0.4559748427672956,0.1917989417989418,0.27001862197392923,0.15608180839612487,0.3029100529100529,919,1.52040690893773,"{""balance"": true, ""matched"": false, ""p1"": false, ""p2"": false, ""p3"": false, ""p4"": false}",/home/tushurui/SPR-SC_20260907/06_REPRODUCTION_CODE/results_aligned_mlp_ablation_awgn20/logs/enron_minus_p1_seed125.log
enron,plus_p2,Base + P2,124,0.3822975517890772,0.26851851851851855,0.31546231546231546,0.18726937269372693,0.3029100529100529,919,2.4293625300051644,"{""balance"": true, ""matched"": false, ""p1"": true, ""p2"": true, ""p3"": false, ""p4"": false}",/home/tushurui/SPR-SC_20260907/06_REPRODUCTION_CODE/results_aligned_mlp_ablation_awgn20/logs/enron_plus_p2_seed124.log
enron,plus_p2,Base + P2,123,0.3772819472616633,0.24603174603174602,0.2978382706164932,0.17497648165569143,0.3029100529100529,919,2.4478504069847986,"{""balance"": true, ""matched"": false, ""p1"": true, ""p2"": true, ""p3"": false, ""p4"": false}",/home/tushurui/SPR-SC_20260907/06_REPRODUCTION_CODE/results_aligned_mlp_ablation_awgn20/logs/enron_plus_p2_seed123.log
enron,plus_p2,Base + P2,125,0.4191343963553531,0.24338624338624337,0.3079497907949791,0.18199802176063304,0.3029100529100529,919,2.373620867030695,"{""balance"": true, ""matched"": false, ""p1"": true, ""p2"": true, ""p3"": false, ""p4"": false}",/home/tushurui/SPR-SC_20260907/06_REPRODUCTION_CODE/results_aligned_mlp_ablation_awgn20/logs/enron_plus_p2_seed125.log
enron,plus_matched,Base + matched,123,0.3772819472616633,0.24603174603174602,0.2978382706164932,0.17497648165569143,0.3029100529100529,919,2.6526155499741435,"{""balance"": true, ""matched"": true, ""p1"": true, ""p2"": false, ""p3"": false, ""p4"": false}",/home/tushurui/SPR-SC_20260907/06_REPRODUCTION_CODE/results_aligned_mlp_ablation_awgn20/logs/enron_plus_matched_seed123.log
enron,plus_matched,Base + matched,124,0.3822975517890772,0.26851851851851855,0.31546231546231546,0.18726937269372693,0.3029100529100529,919,2.62886423105374,"{""balance"": true, ""matched"": true, ""p1"": true, ""p2"": false, ""p3"": false, ""p4"": false}",/home/tushurui/SPR-SC_20260907/06_REPRODUCTION_CODE/results_aligned_mlp_ablation_awgn20/logs/enron_plus_matched_seed124.log
enron,plus_matched,Base + matched,125,0.4191343963553531,0.24338624338624337,0.3079497907949791,0.18199802176063304,0.3029100529100529,919,2.676125188008882,"{""balance"": true, ""matched"": true, ""p1"": true, ""p2"": false, ""p3"": false, ""p4"": false}",/home/tushurui/SPR-SC_20260907/06_REPRODUCTION_CODE/results_aligned_mlp_ablation_awgn20/logs/enron_plus_matched_seed125.log
enron,plus_p4,Base + P4,123,0.3956692913385827,0.26587301587301587,0.31803797468354433,0.18908748824082786,0.3029100529100529,919,3.0508315520128235,"{""balance"": true, ""matched"": false, ""p1"": true, ""p2"": false, ""p3"": false, ""p4"": true}",/home/tushurui/SPR-SC_20260907/06_REPRODUCTION_CODE/results_aligned_mlp_ablation_awgn20/logs/enron_plus_p4_seed123.log
enron,plus_p3,Base + P3,123,0.45308310991957107,0.22354497354497355,0.2993799822852082,0.17604166666666668,0.3029100529100529,919,6.261177839944139,"{""balance"": true, ""matched"": true, ""p1"": true, ""p2"": false, ""p3"": true, ""p4"": false}",/home/tushurui/SPR-SC_20260907/06_REPRODUCTION_CODE/results_aligned_mlp_ablation_awgn20/logs/enron_plus_p3_seed123.log
enron,plus_p3,Base + P3,124,0.4754601226993865,0.20502645502645503,0.28650646950092423,0.16720604099244876,0.3029100529100529,919,6.257584483013488,"{""balance"": true, ""matched"": true, ""p1"": true, ""p2"": false, ""p3"": true, ""p4"": false}",/home/tushurui/SPR-SC_20260907/06_REPRODUCTION_CODE/results_aligned_mlp_ablation_awgn20/logs/enron_plus_p3_seed124.log
enron,plus_p3,Base + P3,125,0.4117647058823529,0.25,0.3111111111111111,0.18421052631578946,0.3029100529100529,919,6.190763337886892,"{""balance"": true, ""matched"": true, ""p1"": true, ""p2"": false, ""p3"": true, ""p4"": false}",/home/tushurui/SPR-SC_20260907/06_REPRODUCTION_CODE/results_aligned_mlp_ablation_awgn20/logs/enron_plus_p3_seed125.log
enron,plus_p4,Base + P4,124,0.3776908023483366,0.2552910052910053,0.30465666929755325,0.17970204841713222,0.3029100529100529,919,3.0107944670598954,"{""balance"": true, ""matched"": false, ""p1"": true, ""p2"": false, ""p3"": false, ""p4"": true}",/home/tushurui/SPR-SC_20260907/06_REPRODUCTION_CODE/results_aligned_mlp_ablation_awgn20/logs/enron_plus_p4_seed124.log
enron,plus_p4,Base + P4,125,0.4423076923076923,0.21296296296296297,0.2875,0.1678832116788321,0.3029100529100529,919,2.95362451300025,"{""balance"": true, ""matched"": false, ""p1"": true, ""p2"": false, ""p3"": false, ""p4"": true}",/home/tushurui/SPR-SC_20260907/06_REPRODUCTION_CODE/results_aligned_mlp_ablation_awgn20/logs/enron_plus_p4_seed125.log
enron,balance_toggle,Base ± balance,123,0.3858267716535433,0.25925925925925924,0.31012658227848094,0.18352059925093633,0.3029100529100529,919,2.18554823694285,"{""balance"": false, ""matched"": false, ""p1"": true, ""p2"": false, ""p3"": false, ""p4"": false}",/home/tushurui/SPR-SC_20260907/06_REPRODUCTION_CODE/results_aligned_mlp_ablation_awgn20/logs/enron_balance_toggle_seed123.log
enron,balance_toggle,Base ± balance,124,0.37522768670309653,0.2724867724867725,0.31570881226053643,0.18744313011828936,0.3029100529100529,919,2.288010996999219,"{""balance"": false, ""matched"": false, ""p1"": true, ""p2"": false, ""p3"": false, ""p4"": false}",/home/tushurui/SPR-SC_20260907/06_REPRODUCTION_CODE/results_aligned_mlp_ablation_awgn20/logs/enron_balance_toggle_seed124.log
enron,balance_toggle,Base ± balance,125,0.42857142857142855,0.24206349206349206,0.30938292476754015,0.183,0.3029100529100529,919,2.1693628010107204,"{""balance"": false, ""matched"": false, ""p1"": true, ""p2"": false, ""p3"": false, ""p4"": false}",/home/tushurui/SPR-SC_20260907/06_REPRODUCTION_CODE/results_aligned_mlp_ablation_awgn20/logs/enron_balance_toggle_seed125.log
enron,full,Full,123,0.39595959595959596,0.25925925925925924,0.3133493205435652,0.18578199052132702,0.3029100529100529,919,7.413943732972257,"{""balance"": true, ""matched"": true, ""p1"": true, ""p2"": true, ""p3"": true, ""p4"": true}",/home/tushurui/SPR-SC_20260907/06_REPRODUCTION_CODE/results_aligned_mlp_ablation_awgn20/logs/enron_full_seed123.log
enron,full,Full,124,0.46175637393767704,0.2156084656084656,0.29395852119026145,0.17230443974630022,0.3029100529100529,919,7.4288623499451205,"{""balance"": true, ""matched"": true, ""p1"": true, ""p2"": true, ""p3"": true, ""p4"": true}",/home/tushurui/SPR-SC_20260907/06_REPRODUCTION_CODE/results_aligned_mlp_ablation_awgn20/logs/enron_full_seed124.log
enron,full_minus_p1,Full − P1,123,0.445141065830721,0.18783068783068782,0.2641860465116279,0.15219721329046088,0.3029100529100529,919,5.034556727972813,"{""balance"": true, ""matched"": true, ""p1"": false, ""p2"": true, ""p3"": true, ""p4"": true}",/home/tushurui/SPR-SC_20260907/06_REPRODUCTION_CODE/results_aligned_mlp_ablation_awgn20/logs/enron_full_minus_p1_seed123.log
enron,full,Full,125,0.42152466367713004,0.24867724867724866,0.31281198003327787,0.1854043392504931,0.3029100529100529,919,7.292553183971904,"{""balance"": true, ""matched"": true, ""p1"": true, ""p2"": true, ""p3"": true, ""p4"": true}",/home/tushurui/SPR-SC_20260907/06_REPRODUCTION_CODE/results_aligned_mlp_ablation_awgn20/logs/enron_full_seed125.log
enron,full_minus_p1,Full − P1,124,0.44545454545454544,0.19444444444444445,0.2707182320441989,0.15654952076677317,0.3029100529100529,919,5.053329375921749,"{""balance"": true, ""matched"": true, ""p1"": false, ""p2"": true, ""p3"": true, ""p4"": true}",/home/tushurui/SPR-SC_20260907/06_REPRODUCTION_CODE/results_aligned_mlp_ablation_awgn20/logs/enron_full_minus_p1_seed124.log
enron,full_minus_p1,Full − P1,125,0.4647058823529412,0.20899470899470898,0.28832116788321166,0.16844349680170576,0.3029100529100529,919,5.0455901300301775,"{""balance"": true, ""matched"": true, ""p1"": false, ""p2"": true, ""p3"": true, ""p4"": true}",/home/tushurui/SPR-SC_20260907/06_REPRODUCTION_CODE/results_aligned_mlp_ablation_awgn20/logs/enron_full_minus_p1_seed125.log
enron,full_minus_p2,Full − P2,123,0.39595959595959596,0.25925925925925924,0.3133493205435652,0.18578199052132702,0.3029100529100529,919,7.517305872053839,"{""balance"": true, ""matched"": true, ""p1"": true, ""p2"": false, ""p3"": true, ""p4"": true}",/home/tushurui/SPR-SC_20260907/06_REPRODUCTION_CODE/results_aligned_mlp_ablation_awgn20/logs/enron_full_minus_p2_seed123.log
enron,full_minus_p2,Full − P2,124,0.46175637393767704,0.2156084656084656,0.29395852119026145,0.17230443974630022,0.3029100529100529,919,7.387478193966672,"{""balance"": true, ""matched"": true, ""p1"": true, ""p2"": false, ""p3"": true, ""p4"": true}",/home/tushurui/SPR-SC_20260907/06_REPRODUCTION_CODE/results_aligned_mlp_ablation_awgn20/logs/enron_full_minus_p2_seed124.log
enron,full_minus_p3,Full − P3,123,0.3956692913385827,0.26587301587301587,0.31803797468354433,0.18908748824082786,0.3029100529100529,919,3.0309910259675235,"{""balance"": true, ""matched"": true, ""p1"": true, ""p2"": true, ""p3"": false, ""p4"": true}",/home/tushurui/SPR-SC_20260907/06_REPRODUCTION_CODE/results_aligned_mlp_ablation_awgn20/logs/enron_full_minus_p3_seed123.log
enron,full_minus_p3,Full − P3,124,0.3776908023483366,0.2552910052910053,0.30465666929755325,0.17970204841713222,0.3029100529100529,919,3.050869242986664,"{""balance"": true, ""matched"": true, ""p1"": true, ""p2"": true, ""p3"": false, ""p4"": true}",/home/tushurui/SPR-SC_20260907/06_REPRODUCTION_CODE/results_aligned_mlp_ablation_awgn20/logs/enron_full_minus_p3_seed124.log
enron,full_minus_p3,Full − P3,125,0.4423076923076923,0.21296296296296297,0.2875,0.1678832116788321,0.3029100529100529,919,3.019049752037972,"{""balance"": true, ""matched"": true, ""p1"": true, ""p2"": true, ""p3"": false, ""p4"": true}",/home/tushurui/SPR-SC_20260907/06_REPRODUCTION_CODE/results_aligned_mlp_ablation_awgn20/logs/enron_full_minus_p3_seed125.log
enron,full_minus_p2,Full − P2,125,0.42152466367713004,0.24867724867724866,0.31281198003327787,0.1854043392504931,0.3029100529100529,919,7.274233023985289,"{""balance"": true, ""matched"": true, ""p1"": true, ""p2"": false, ""p3"": true, ""p4"": true}",/home/tushurui/SPR-SC_20260907/06_REPRODUCTION_CODE/results_aligned_mlp_ablation_awgn20/logs/enron_full_minus_p2_seed125.log
enron,full_minus_p4,Full − P4,123,0.45308310991957107,0.22354497354497355,0.2993799822852082,0.17604166666666668,0.3029100529100529,919,6.301897639059462,"{""balance"": true, ""matched"": true, ""p1"": true, ""p2"": true, ""p3"": true, ""p4"": false}",/home/tushurui/SPR-SC_20260907/06_REPRODUCTION_CODE/results_aligned_mlp_ablation_awgn20/logs/enron_full_minus_p4_seed123.log
enron,full_minus_p4,Full − P4,124,0.4754601226993865,0.20502645502645503,0.28650646950092423,0.16720604099244876,0.3029100529100529,919,6.089113311027177,"{""balance"": true, ""matched"": true, ""p1"": true, ""p2"": true, ""p3"": true, ""p4"": false}",/home/tushurui/SPR-SC_20260907/06_REPRODUCTION_CODE/results_aligned_mlp_ablation_awgn20/logs/enron_full_minus_p4_seed124.log
enron,full_minus_p4,Full − P4,125,0.4117647058823529,0.25,0.3111111111111111,0.18421052631578946,0.3029100529100529,919,6.355449081980623,"{""balance"": true, ""matched"": true, ""p1"": true, ""p2"": true, ""p3"": true, ""p4"": false}",/home/tushurui/SPR-SC_20260907/06_REPRODUCTION_CODE/results_aligned_mlp_ablation_awgn20/logs/enron_full_minus_p4_seed125.log
enron,full_minus_balance,Full − balance,123,0.39243027888446214,0.2605820105820106,0.31319554848966613,0.18567389255419417,0.3029100529100529,919,6.860739754978567,"{""balance"": false, ""matched"": true, ""p1"": true, ""p2"": true, ""p3"": true, ""p4"": true}",/home/tushurui/SPR-SC_20260907/06_REPRODUCTION_CODE/results_aligned_mlp_ablation_awgn20/logs/enron_full_minus_balance_seed123.log
enron,full_minus_balance,Full − balance,124,0.4670487106017192,0.2156084656084656,0.29502262443438915,0.173036093418259,0.3029100529100529,919,6.876573348999955,"{""balance"": false, ""matched"": true, ""p1"": true, ""p2"": true, ""p3"": true, ""p4"": true}",/home/tushurui/SPR-SC_20260907/06_REPRODUCTION_CODE/results_aligned_mlp_ablation_awgn20/logs/enron_full_minus_balance_seed124.log
enron,full_minus_balance,Full − balance,125,0.4115138592750533,0.2552910052910053,0.31510204081632653,0.187015503875969,0.3029100529100529,919,6.829080549068749,"{""balance"": false, ""matched"": true, ""p1"": true, ""p2"": true, ""p3"": true, ""p4"": true}",/home/tushurui/SPR-SC_20260907/06_REPRODUCTION_CODE/results_aligned_mlp_ablation_awgn20/logs/enron_full_minus_balance_seed125.log
fb_auto,optimal_base,Optimal base,124,0.6920325203252032,0.9770431588613406,0.8102036931277367,0.68096,0.9940312213039486,5656,27.875393131980672,"{""balance"": true, ""matched"": false, ""p1"": true, ""p2"": false, ""p3"": false, ""p4"": false}",/home/tushurui/SPR-SC_20260907/06_REPRODUCTION_CODE/results_aligned_mlp_ablation_awgn20/logs/fb_auto_optimal_base_seed124.log
fb_auto,minus_p1,Base − P1,123,0.6762360446570973,0.9733700642791552,0.798042537172972,0.6639523958659568,0.9940312213039486,5656,26.377851275959983,"{""balance"": true, ""matched"": false, ""p1"": false, ""p2"": false, ""p3"": false, ""p4"": false}",/home/tushurui/SPR-SC_20260907/06_REPRODUCTION_CODE/results_aligned_mlp_ablation_awgn20/logs/fb_auto_minus_p1_seed123.log
fb_auto,optimal_base,Optimal base,125,0.6890184645286687,0.9765840220385675,0.8079772079772081,0.6778202676864244,0.9940312213039486,5656,30.473863078048453,"{""balance"": true, ""matched"": false, ""p1"": true, ""p2"": false, ""p3"": false, ""p4"": false}",/home/tushurui/SPR-SC_20260907/06_REPRODUCTION_CODE/results_aligned_mlp_ablation_awgn20/logs/fb_auto_optimal_base_seed125.log
fb_auto,optimal_base,Optimal base,123,0.6886266797771222,0.9646464646464646,0.8035953337158156,0.6716751918158568,0.9940312213039486,5656,39.97224430006463,"{""balance"": true, ""matched"": false, ""p1"": true, ""p2"": false, ""p3"": false, ""p4"": false}",/home/tushurui/SPR-SC_20260907/06_REPRODUCTION_CODE/results_aligned_mlp_ablation_awgn20/logs/fb_auto_optimal_base_seed123.log
fb_auto,minus_p1,Base − P1,124,0.6794258373205742,0.977961432506887,0.8018068887634104,0.6691800188501413,0.9940312213039486,5656,17.015967575018294,"{""balance"": true, ""matched"": false, ""p1"": false, ""p2"": false, ""p3"": false, ""p4"": false}",/home/tushurui/SPR-SC_20260907/06_REPRODUCTION_CODE/results_aligned_mlp_ablation_awgn20/logs/fb_auto_minus_p1_seed124.log
fb_auto,minus_p1,Base − P1,125,0.6773477157360406,0.980257116620753,0.801125703564728,0.6682316118935837,0.9940312213039486,5656,12.182369417976588,"{""balance"": true, ""matched"": false, ""p1"": false, ""p2"": false, ""p3"": false, ""p4"": false}",/home/tushurui/SPR-SC_20260907/06_REPRODUCTION_CODE/results_aligned_mlp_ablation_awgn20/logs/fb_auto_minus_p1_seed125.log
fb_auto,plus_p2,Base + P2,123,0.6917218543046357,0.9591368227731865,0.8037706810311658,0.6719202315857189,0.9940312213039486,5656,31.452420262037776,"{""balance"": true, ""matched"": false, ""p1"": true, ""p2"": true, ""p3"": false, ""p4"": false}",/home/tushurui/SPR-SC_20260907/06_REPRODUCTION_CODE/results_aligned_mlp_ablation_awgn20/logs/fb_auto_plus_p2_seed123.log
fb_auto,plus_p2,Base + P2,124,0.6962276637988087,0.9660238751147842,0.8092307692307692,0.6795865633074936,0.9940312213039486,5656,31.04580254096072,"{""balance"": true, ""matched"": false, ""p1"": true, ""p2"": true, ""p3"": false, ""p4"": false}",/home/tushurui/SPR-SC_20260907/06_REPRODUCTION_CODE/results_aligned_mlp_ablation_awgn20/logs/fb_auto_plus_p2_seed124.log
fb_auto,plus_p2,Base + P2,125,0.6881894873458793,0.9738292011019284,0.8064638783269962,0.6756928958266964,0.9940312213039486,5656,29.45358359790407,"{""balance"": true, ""matched"": false, ""p1"": true, ""p2"": true, ""p3"": false, ""p4"": false}",/home/tushurui/SPR-SC_20260907/06_REPRODUCTION_CODE/results_aligned_mlp_ablation_awgn20/logs/fb_auto_plus_p2_seed125.log
fb_auto,plus_matched,Base + matched,123,0.6886266797771222,0.9646464646464646,0.8035953337158156,0.6716751918158568,0.9940312213039486,5656,33.29934427398257,"{""balance"": true, ""matched"": true, ""p1"": true, ""p2"": false, ""p3"": false, ""p4"": false}",/home/tushurui/SPR-SC_20260907/06_REPRODUCTION_CODE/results_aligned_mlp_ablation_awgn20/logs/fb_auto_plus_matched_seed123.log
fb_auto,plus_matched,Base + matched,124,0.6920325203252032,0.9770431588613406,0.8102036931277367,0.68096,0.9940312213039486,5656,25.24169473699294,"{""balance"": true, ""matched"": true, ""p1"": true, ""p2"": false, ""p3"": false, ""p4"": false}",/home/tushurui/SPR-SC_20260907/06_REPRODUCTION_CODE/results_aligned_mlp_ablation_awgn20/logs/fb_auto_plus_matched_seed124.log
fb_auto,plus_matched,Base + matched,125,0.6860914359304572,0.9784205693296603,0.8065859197577593,0.6758642562638757,0.9940312213039486,5656,28.816295319003984,"{""balance"": true, ""matched"": true, ""p1"": true, ""p2"": false, ""p3"": false, ""p4"": false}",/home/tushurui/SPR-SC_20260907/06_REPRODUCTION_CODE/results_aligned_mlp_ablation_awgn20/logs/fb_auto_plus_matched_seed125.log
fb_auto,plus_p4,Base + P4,123,0.6804979253112033,0.9788797061524335,0.8028619845603464,0.6706511481597986,0.9940312213039486,5656,30.161403788020834,"{""balance"": true, ""matched"": false, ""p1"": true, ""p2"": false, ""p3"": false, ""p4"": true}",/home/tushurui/SPR-SC_20260907/06_REPRODUCTION_CODE/results_aligned_mlp_ablation_awgn20/logs/fb_auto_plus_p4_seed123.log
fb_auto,plus_p4,Base + P4,124,0.6813960934998399,0.9770431588613406,0.8028673835125448,0.6706586826347305,0.9940312213039486,5656,36.040703509002924,"{""balance"": true, ""matched"": false, ""p1"": true, ""p2"": false, ""p3"": false, ""p4"": true}",/home/tushurui/SPR-SC_20260907/06_REPRODUCTION_CODE/results_aligned_mlp_ablation_awgn20/logs/fb_auto_plus_p4_seed124.log
fb_auto,plus_p3,Base + P3,123,0.6797680412371134,0.9687786960514233,0.7989397955319955,0.6651954602774275,0.9940312213039486,5656,115.3973677669419,"{""balance"": true, ""matched"": true, ""p1"": true, ""p2"": false, ""p3"": true, ""p4"": false}",/home/tushurui/SPR-SC_20260907/06_REPRODUCTION_CODE/results_aligned_mlp_ablation_awgn20/logs/fb_auto_plus_p3_seed123.log
fb_auto,plus_p3,Base + P3,125,0.6921008403361345,0.9453627180899908,0.7991461284688532,0.6654815772462831,0.9940312213039486,5656,101.41664805600885,"{""balance"": true, ""matched"": true, ""p1"": true, ""p2"": false, ""p3"": true, ""p4"": false}",/home/tushurui/SPR-SC_20260907/06_REPRODUCTION_CODE/results_aligned_mlp_ablation_awgn20/logs/fb_auto_plus_p3_seed125.log
fb_auto,plus_p3,Base + P3,124,0.6822764227642276,0.9632690541781451,0.7987816485817628,0.6649762282091918,0.9940312213039486,5656,122.85825373092666,"{""balance"": true, ""matched"": true, ""p1"": true, ""p2"": false, ""p3"": true, ""p4"": false}",/home/tushurui/SPR-SC_20260907/06_REPRODUCTION_CODE/results_aligned_mlp_ablation_awgn20/logs/fb_auto_plus_p3_seed124.log
fb_auto,plus_p4,Base + P4,125,0.687015503875969,0.9765840220385675,0.8065984072810012,0.6758817921830315,0.9940312213039486,5656,33.777205010992475,"{""balance"": true, ""matched"": false, ""p1"": true, ""p2"": false, ""p3"": false, ""p4"": true}",/home/tushurui/SPR-SC_20260907/06_REPRODUCTION_CODE/results_aligned_mlp_ablation_awgn20/logs/fb_auto_plus_p4_seed125.log
fb_auto,balance_toggle,Base ± balance,123,0.6775536343259686,0.9715335169880625,0.7983399358611583,0.66436420722135,0.9940312213039486,5656,27.494509237003513,"{""balance"": false, ""matched"": false, ""p1"": true, ""p2"": false, ""p3"": false, ""p4"": false}",/home/tushurui/SPR-SC_20260907/06_REPRODUCTION_CODE/results_aligned_mlp_ablation_awgn20/logs/fb_auto_balance_toggle_seed123.log
fb_auto,balance_toggle,Base ± balance,124,0.6765917009819449,0.9807162534435262,0.8007497656982193,0.6677086589559237,0.9940312213039486,5656,25.29534725099802,"{""balance"": false, ""matched"": false, ""p1"": true, ""p2"": false, ""p3"": false, ""p4"": false}",/home/tushurui/SPR-SC_20260907/06_REPRODUCTION_CODE/results_aligned_mlp_ablation_awgn20/logs/fb_auto_balance_toggle_seed124.log
fb_auto,balance_toggle,Base ± balance,125,0.6703227828267001,0.9820936639118457,0.796796423915068,0.6622291021671827,0.9940312213039486,5656,27.225045783095993,"{""balance"": false, ""matched"": false, ""p1"": true, ""p2"": false, ""p3"": false, ""p4"": false}",/home/tushurui/SPR-SC_20260907/06_REPRODUCTION_CODE/results_aligned_mlp_ablation_awgn20/logs/fb_auto_balance_toggle_seed125.log
fb_auto,full_minus_p1,Full − P1,123,0.6852641942894651,0.9586776859504132,0.7992344497607655,0.665604080331527,0.9940312213039486,5656,56.97801253001671,"{""balance"": true, ""matched"": true, ""p1"": false, ""p2"": true, ""p3"": true, ""p4"": true}",/home/tushurui/SPR-SC_20260907/06_REPRODUCTION_CODE/results_aligned_mlp_ablation_awgn20/logs/fb_auto_full_minus_p1_seed123.log
fb_auto,full,Full,123,0.6816865143224976,0.9724517906336089,0.8015137180700096,0.6687717082412378,0.9940312213039486,5656,101.19209231901914,"{""balance"": true, ""matched"": true, ""p1"": true, ""p2"": true, ""p3"": true, ""p4"": true}",/home/tushurui/SPR-SC_20260907/06_REPRODUCTION_CODE/results_aligned_mlp_ablation_awgn20/logs/fb_auto_full_seed123.log
fb_auto,full_minus_p1,Full − P1,124,0.6886008640744433,0.9513314967860422,0.7989203778677463,0.6651685393258427,0.9940312213039486,5656,71.64916312892456,"{""balance"": true, ""matched"": true, ""p1"": false, ""p2"": true, ""p3"": true, ""p4"": true}",/home/tushurui/SPR-SC_20260907/06_REPRODUCTION_CODE/results_aligned_mlp_ablation_awgn20/logs/fb_auto_full_minus_p1_seed124.log
fb_auto,full,Full,124,0.6782051282051282,0.9715335169880625,0.7987919969799925,0.6649905719673161,0.9940312213039486,5656,144.32838874694426,"{""balance"": true, ""matched"": true, ""p1"": true, ""p2"": true, ""p3"": true, ""p4"": true}",/home/tushurui/SPR-SC_20260907/06_REPRODUCTION_CODE/results_aligned_mlp_ablation_awgn20/logs/fb_auto_full_seed124.log
fb_auto,full,Full,125,0.6945003353454058,0.950872359963269,0.8027131782945737,0.6704435092262868,0.9940312213039486,5656,152.34594967996236,"{""balance"": true, ""matched"": true, ""p1"": true, ""p2"": true, ""p3"": true, ""p4"": true}",/home/tushurui/SPR-SC_20260907/06_REPRODUCTION_CODE/results_aligned_mlp_ablation_awgn20/logs/fb_auto_full_seed125.log
fb_auto,full_minus_p1,Full − P1,125,0.6974182444061963,0.9302112029384757,0.7971670273460555,0.6627412495911024,0.9940312213039486,5656,100.44803510501515,"{""balance"": true, ""matched"": true, ""p1"": false, ""p2"": true, ""p3"": true, ""p4"": true}",/home/tushurui/SPR-SC_20260907/06_REPRODUCTION_CODE/results_aligned_mlp_ablation_awgn20/logs/fb_auto_full_minus_p1_seed125.log
fb_auto,full_minus_p3,Full − P3,123,0.6819640564826701,0.9756657483930211,0.8027956176803929,0.6705585358157148,0.9940312213039486,5656,32.38282110693399,"{""balance"": true, ""matched"": true, ""p1"": true, ""p2"": true, ""p3"": false, ""p4"": true}",/home/tushurui/SPR-SC_20260907/06_REPRODUCTION_CODE/results_aligned_mlp_ablation_awgn20/logs/fb_auto_full_minus_p3_seed123.log
fb_auto,full_minus_p3,Full − P3,124,0.680050987890376,0.9797979797979798,0.8028592927012791,0.6706473915776241,0.9940312213039486,5656,27.84280859795399,"{""balance"": true, ""matched"": true, ""p1"": true, ""p2"": true, ""p3"": false, ""p4"": true}",/home/tushurui/SPR-SC_20260907/06_REPRODUCTION_CODE/results_aligned_mlp_ablation_awgn20/logs/fb_auto_full_minus_p3_seed124.log
fb_auto,full_minus_p2,Full − P2,123,0.6973772696704774,0.9522497704315886,0.8051242236024845,0.6738141650422352,0.9940312213039486,5656,122.07361152395606,"{""balance"": true, ""matched"": true, ""p1"": true, ""p2"": false, ""p3"": true, ""p4"": true}",/home/tushurui/SPR-SC_20260907/06_REPRODUCTION_CODE/results_aligned_mlp_ablation_awgn20/logs/fb_auto_full_minus_p2_seed123.log
fb_auto,full_minus_p2,Full − P2,124,0.6902713434811383,0.9577594123048668,0.8023076923076923,0.6698779704560052,0.9940312213039486,5656,120.03958855289966,"{""balance"": true, ""matched"": true, ""p1"": true, ""p2"": false, ""p3"": true, ""p4"": true}",/home/tushurui/SPR-SC_20260907/06_REPRODUCTION_CODE/results_aligned_mlp_ablation_awgn20/logs/fb_auto_full_minus_p2_seed124.log
fb_auto,full_minus_p2,Full − P2,125,0.6791720569210866,0.9641873278236914,0.7969639468690701,0.6624605678233438,0.9940312213039486,5656,126.13560089492239,"{""balance"": true, ""matched"": true, ""p1"": true, ""p2"": false, ""p3"": true, ""p4"": true}",/home/tushurui/SPR-SC_20260907/06_REPRODUCTION_CODE/results_aligned_mlp_ablation_awgn20/logs/fb_auto_full_minus_p2_seed125.log
fb_auto,full_minus_p3,Full − P3,125,0.6834347965395706,0.9793388429752066,0.8050575580298168,0.6737207833228048,0.9940312213039486,5656,32.705288153956644,"{""balance"": true, ""matched"": true, ""p1"": true, ""p2"": true, ""p3"": false, ""p4"": true}",/home/tushurui/SPR-SC_20260907/06_REPRODUCTION_CODE/results_aligned_mlp_ablation_awgn20/logs/fb_auto_full_minus_p3_seed125.log
fb_auto,full_minus_p4,Full − P4,123,0.7178393745557925,0.9274563820018366,0.8092948717948719,0.6796769851951547,0.9940312213039486,5656,115.52720473404042,"{""balance"": true, ""matched"": true, ""p1"": true, ""p2"": true, ""p3"": true, ""p4"": false}",/home/tushurui/SPR-SC_20260907/06_REPRODUCTION_CODE/results_aligned_mlp_ablation_awgn20/logs/fb_auto_full_minus_p4_seed123.log
fb_auto,full_minus_balance,Full − balance,123,0.6824062095730918,0.9687786960514233,0.8007590132827325,0.6677215189873418,0.9940312213039486,5656,97.36243244691286,"{""balance"": false, ""matched"": true, ""p1"": true, ""p2"": true, ""p3"": true, ""p4"": true}",/home/tushurui/SPR-SC_20260907/06_REPRODUCTION_CODE/results_aligned_mlp_ablation_awgn20/logs/fb_auto_full_minus_balance_seed123.log
fb_auto,full_minus_p4,Full − P4,124,0.6899148657498363,0.9674012855831038,0.8054281345565749,0.67424,0.9940312213039486,5656,125.12643771397416,"{""balance"": true, ""matched"": true, ""p1"": true, ""p2"": true, ""p3"": true, ""p4"": false}",/home/tushurui/SPR-SC_20260907/06_REPRODUCTION_CODE/results_aligned_mlp_ablation_awgn20/logs/fb_auto_full_minus_p4_seed124.log
fb_auto,full_minus_p4,Full − P4,125,0.6969592259847961,0.926078971533517,0.7953470031545742,0.6602291325695581,0.9940312213039486,5656,111.12624384905212,"{""balance"": true, ""matched"": true, ""p1"": true, ""p2"": true, ""p3"": true, ""p4"": false}",/home/tushurui/SPR-SC_20260907/06_REPRODUCTION_CODE/results_aligned_mlp_ablation_awgn20/logs/fb_auto_full_minus_p4_seed125.log
school,optimal_base,Optimal base,123,0.627948885976409,0.6034319899244333,0.6154463712267181,0.4445088716224052,0.8984571788413098,54783,20.31844689999707,"{""balance"": false, ""matched"": false, ""p1"": true, ""p2"": false, ""p3"": false, ""p4"": false}",/home/tushurui/SPR-SC_20260907/06_REPRODUCTION_CODE/results_aligned_mlp_ablation_awgn20/logs/school_optimal_base_seed123.log
school,optimal_base,Optimal base,124,0.6654314452091054,0.5936712846347607,0.627506448123804,0.45720174587778856,0.8984571788413098,54783,26.958582311985083,"{""balance"": false, ""matched"": false, ""p1"": true, ""p2"": false, ""p3"": false, ""p4"": false}",/home/tushurui/SPR-SC_20260907/06_REPRODUCTION_CODE/results_aligned_mlp_ablation_awgn20/logs/school_optimal_base_seed124.log
school,minus_p1,Base − P1,123,0.7276773296244784,0.41183879093198994,0.525987734995476,0.35684081298595005,0.8984571788413098,54783,13.175897217937745,"{""balance"": false, ""matched"": false, ""p1"": false, ""p2"": false, ""p3"": false, ""p4"": false}",/home/tushurui/SPR-SC_20260907/06_REPRODUCTION_CODE/results_aligned_mlp_ablation_awgn20/logs/school_minus_p1_seed123.log
school,optimal_base,Optimal base,125,0.6747031306225261,0.5903652392947103,0.6297229219143576,0.45955882352941174,0.8984571788413098,54783,22.48935995902866,"{""balance"": false, ""matched"": false, ""p1"": true, ""p2"": false, ""p3"": false, ""p4"": false}",/home/tushurui/SPR-SC_20260907/06_REPRODUCTION_CODE/results_aligned_mlp_ablation_awgn20/logs/school_optimal_base_seed125.log
school,minus_p1,Base − P1,124,0.7260845383759733,0.411051637279597,0.524929634097306,0.355867520785062,0.8984571788413098,54783,16.001805693027563,"{""balance"": false, ""matched"": false, ""p1"": false, ""p2"": false, ""p3"": false, ""p4"": false}",/home/tushurui/SPR-SC_20260907/06_REPRODUCTION_CODE/results_aligned_mlp_ablation_awgn20/logs/school_minus_p1_seed124.log
school,minus_p1,Base − P1,125,0.730990608906392,0.37988035264483627,0.4999482026313064,0.33328729281767955,0.8984571788413098,54783,15.802353470004164,"{""balance"": false, ""matched"": false, ""p1"": false, ""p2"": false, ""p3"": false, ""p4"": false}",/home/tushurui/SPR-SC_20260907/06_REPRODUCTION_CODE/results_aligned_mlp_ablation_awgn20/logs/school_minus_p1_seed125.log
school,plus_p2,Base + P2,123,0.6275376555337263,0.6034319899244333,0.6152487961476726,0.44430277037208765,0.8984571788413098,54783,20.329972498002462,"{""balance"": false, ""matched"": false, ""p1"": true, ""p2"": true, ""p3"": false, ""p4"": false}",/home/tushurui/SPR-SC_20260907/06_REPRODUCTION_CODE/results_aligned_mlp_ablation_awgn20/logs/school_plus_p2_seed123.log
school,plus_p2,Base + P2,124,0.664903930900758,0.5938287153652393,0.6273596673596673,0.4570459226947777,0.8984571788413098,54783,27.265997798065655,"{""balance"": false, ""matched"": false, ""p1"": true, ""p2"": true, ""p3"": false, ""p4"": false}",/home/tushurui/SPR-SC_20260907/06_REPRODUCTION_CODE/results_aligned_mlp_ablation_awgn20/logs/school_plus_p2_seed124.log
school,plus_p2,Base + P2,125,0.6734290843806104,0.5905226700251889,0.6292568361013253,0.45906253824501286,0.8984571788413098,54783,22.67794285900891,"{""balance"": false, ""matched"": false, ""p1"": true, ""p2"": true, ""p3"": false, ""p4"": false}",/home/tushurui/SPR-SC_20260907/06_REPRODUCTION_CODE/results_aligned_mlp_ablation_awgn20/logs/school_plus_p2_seed125.log
school,plus_matched,Base + matched,123,0.627948885976409,0.6034319899244333,0.6154463712267181,0.4445088716224052,0.8984571788413098,54783,20.1168028350221,"{""balance"": false, ""matched"": true, ""p1"": true, ""p2"": false, ""p3"": false, ""p4"": false}",/home/tushurui/SPR-SC_20260907/06_REPRODUCTION_CODE/results_aligned_mlp_ablation_awgn20/logs/school_plus_matched_seed123.log
fb_auto,full_minus_balance,Full − balance,124,0.6803225806451613,0.9683195592286501,0.7991663508904888,0.66550962448722,0.9940312213039486,5656,131.22694610699546,"{""balance"": false, ""matched"": true, ""p1"": true, ""p2"": true, ""p3"": true, ""p4"": true}",/home/tushurui/SPR-SC_20260907/06_REPRODUCTION_CODE/results_aligned_mlp_ablation_awgn20/logs/fb_auto_full_minus_balance_seed124.log
school,plus_matched,Base + matched,124,0.6654314452091054,0.5936712846347607,0.627506448123804,0.45720174587778856,0.8984571788413098,54783,27.428075714968145,"{""balance"": false, ""matched"": true, ""p1"": true, ""p2"": false, ""p3"": false, ""p4"": false}",/home/tushurui/SPR-SC_20260907/06_REPRODUCTION_CODE/results_aligned_mlp_ablation_awgn20/logs/school_plus_matched_seed124.log
fb_auto,full_minus_balance,Full − balance,125,0.6856484529295589,0.9563820018365473,0.7986963190184049,0.6648579636131503,0.9940312213039486,5656,145.54045767593198,"{""balance"": false, ""matched"": true, ""p1"": true, ""p2"": true, ""p3"": true, ""p4"": true}",/home/tushurui/SPR-SC_20260907/06_REPRODUCTION_CODE/results_aligned_mlp_ablation_awgn20/logs/fb_auto_full_minus_balance_seed125.log
school,plus_matched,Base + matched,125,0.6747031306225261,0.5903652392947103,0.6297229219143576,0.45955882352941174,0.8984571788413098,54783,22.487478420953266,"{""balance"": false, ""matched"": true, ""p1"": true, ""p2"": false, ""p3"": false, ""p4"": false}",/home/tushurui/SPR-SC_20260907/06_REPRODUCTION_CODE/results_aligned_mlp_ablation_awgn20/logs/school_plus_matched_seed125.log
school,plus_p4,Base + P4,123,0.6120114394661582,0.6064231738035264,0.6092044915388264,0.4380259267682511,0.8984571788413098,54783,47.67688640393317,"{""balance"": false, ""matched"": false, ""p1"": true, ""p2"": false, ""p3"": false, ""p4"": true}",/home/tushurui/SPR-SC_20260907/06_REPRODUCTION_CODE/results_aligned_mlp_ablation_awgn20/logs/school_plus_p4_seed123.log
school,plus_p3,Base + P3,125,0.6607952563655389,0.5965050377833753,0.6270064537481383,0.4566710859346752,0.8984571788413098,54783,55.91761811694596,"{""balance"": false, ""matched"": true, ""p1"": true, ""p2"": false, ""p3"": true, ""p4"": false}",/home/tushurui/SPR-SC_20260907/06_REPRODUCTION_CODE/results_aligned_mlp_ablation_awgn20/logs/school_plus_p3_seed125.log
school,plus_p3,Base + P3,124,0.6715432649420161,0.5925692695214105,0.6295893618800702,0.4594165751251068,0.8984571788413098,54783,62.32064494502265,"{""balance"": false, ""matched"": true, ""p1"": true, ""p2"": false, ""p3"": true, ""p4"": false}",/home/tushurui/SPR-SC_20260907/06_REPRODUCTION_CODE/results_aligned_mlp_ablation_awgn20/logs/school_plus_p3_seed124.log
school,plus_p3,Base + P3,123,0.6723952738990333,0.5913098236775819,0.6292511308426872,0.4590564654118797,0.8984571788413098,54783,80.45370241999626,"{""balance"": false, ""matched"": true, ""p1"": true, ""p2"": false, ""p3"": true, ""p4"": false}",/home/tushurui/SPR-SC_20260907/06_REPRODUCTION_CODE/results_aligned_mlp_ablation_awgn20/logs/school_plus_p3_seed123.log
school,plus_p4,Base + P4,124,0.674950477219521,0.5900503778337531,0.6296514069718605,0.4594826529361285,0.8984571788413098,54783,44.17174141400028,"{""balance"": false, ""matched"": false, ""p1"": true, ""p2"": false, ""p3"": false, ""p4"": true}",/home/tushurui/SPR-SC_20260907/06_REPRODUCTION_CODE/results_aligned_mlp_ablation_awgn20/logs/school_plus_p4_seed124.log
school,plus_p4,Base + P4,125,0.6769286490402028,0.5884760705289672,0.629610914603335,0.45943952802359883,0.8984571788413098,54783,48.90321808599401,"{""balance"": false, ""matched"": false, ""p1"": true, ""p2"": false, ""p3"": false, ""p4"": true}",/home/tushurui/SPR-SC_20260907/06_REPRODUCTION_CODE/results_aligned_mlp_ablation_awgn20/logs/school_plus_p4_seed125.log
school,balance_toggle,Base ± balance,124,0.674175527122004,0.5889483627204031,0.6286866649861357,0.45845588235294116,0.8984571788413098,54783,54.30684567207936,"{""balance"": true, ""matched"": false, ""p1"": true, ""p2"": false, ""p3"": false, ""p4"": false}",/home/tushurui/SPR-SC_20260907/06_REPRODUCTION_CODE/results_aligned_mlp_ablation_awgn20/logs/school_balance_toggle_seed124.log
school,balance_toggle,Base ± balance,123,0.6723335719398712,0.5914672544080605,0.6293132328308209,0.4591225711841623,0.8984571788413098,54783,63.83731129206717,"{""balance"": true, ""matched"": false, ""p1"": true, ""p2"": false, ""p3"": false, ""p4"": false}",/home/tushurui/SPR-SC_20260907/06_REPRODUCTION_CODE/results_aligned_mlp_ablation_awgn20/logs/school_balance_toggle_seed123.log
school,balance_toggle,Base ± balance,125,0.6664892673407841,0.5914672544080605,0.6267411794144632,0.45638969873663754,0.8984571788413098,54783,54.71166793000884,"{""balance"": true, ""matched"": false, ""p1"": true, ""p2"": false, ""p3"": false, ""p4"": false}",/home/tushurui/SPR-SC_20260907/06_REPRODUCTION_CODE/results_aligned_mlp_ablation_awgn20/logs/school_balance_toggle_seed125.log
school,full_minus_p1,Full − P1,123,0.6722414106526086,0.5821788413098237,0.6239770522230659,0.4534641324340895,0.8984571788413098,54783,124.64273774507456,"{""balance"": true, ""matched"": true, ""p1"": false, ""p2"": true, ""p3"": true, ""p4"": true}",/home/tushurui/SPR-SC_20260907/06_REPRODUCTION_CODE/results_aligned_mlp_ablation_awgn20/logs/school_full_minus_p1_seed123.log
school,full,Full,124,0.6162586013762202,0.6062657430730478,0.611221331640346,0.44011428571428574,0.8984571788413098,54783,208.66512448200956,"{""balance"": true, ""matched"": true, ""p1"": true, ""p2"": true, ""p3"": true, ""p4"": true}",/home/tushurui/SPR-SC_20260907/06_REPRODUCTION_CODE/results_aligned_mlp_ablation_awgn20/logs/school_full_seed124.log
school,full,Full,125,0.6752260397830018,0.5878463476070529,0.6285137182292543,0.4582719685812469,0.8984571788413098,54783,227.176753000007,"{""balance"": true, ""matched"": true, ""p1"": true, ""p2"": true, ""p3"": true, ""p4"": true}",/home/tushurui/SPR-SC_20260907/06_REPRODUCTION_CODE/results_aligned_mlp_ablation_awgn20/logs/school_full_seed125.log
school,full,Full,123,0.6709770114942529,0.5881612090680101,0.6268456375838927,0.45650048875855326,0.8984571788413098,54783,249.38361807190813,"{""balance"": true, ""matched"": true, ""p1"": true, ""p2"": true, ""p3"": true, ""p4"": true}",/home/tushurui/SPR-SC_20260907/06_REPRODUCTION_CODE/results_aligned_mlp_ablation_awgn20/logs/school_full_seed123.log
school,full_minus_p1,Full − P1,124,0.6782006920415224,0.5554156171284634,0.610697593906872,0.43957139297283826,0.8984571788413098,54783,126.70286081195809,"{""balance"": true, ""matched"": true, ""p1"": false, ""p2"": true, ""p3"": true, ""p4"": true}",/home/tushurui/SPR-SC_20260907/06_REPRODUCTION_CODE/results_aligned_mlp_ablation_awgn20/logs/school_full_minus_p1_seed124.log
school,full_minus_p1,Full − P1,125,0.6786385859345618,0.5681675062972292,0.618508997429306,0.4477112020841087,0.8984571788413098,54783,126.38884323602542,"{""balance"": true, ""matched"": true, ""p1"": false, ""p2"": true, ""p3"": true, ""p4"": true}",/home/tushurui/SPR-SC_20260907/06_REPRODUCTION_CODE/results_aligned_mlp_ablation_awgn20/logs/school_full_minus_p1_seed125.log
school,full_minus_p3,Full − P3,123,0.6703611011798355,0.5903652392947103,0.6278252134605725,0.4575402635431918,0.8984571788413098,54783,75.0943418070674,"{""balance"": true, ""matched"": true, ""p1"": true, ""p2"": true, ""p3"": false, ""p4"": true}",/home/tushurui/SPR-SC_20260907/06_REPRODUCTION_CODE/results_aligned_mlp_ablation_awgn20/logs/school_full_minus_p3_seed123.log
school,full_minus_p2,Full − P2,124,0.6415221417747096,0.5998110831234257,0.6199658286551135,0.44923947647683055,0.8984571788413098,54783,194.30463298899122,"{""balance"": true, ""matched"": true, ""p1"": true, ""p2"": false, ""p3"": true, ""p4"": true}",/home/tushurui/SPR-SC_20260907/06_REPRODUCTION_CODE/results_aligned_mlp_ablation_awgn20/logs/school_full_minus_p2_seed124.log
school,full_minus_p2,Full − P2,123,0.6509666080843586,0.5831234256926953,0.615180202624149,0.4442312305109139,0.8984571788413098,54783,257.15827567107044,"{""balance"": true, ""matched"": true, ""p1"": true, ""p2"": false, ""p3"": true, ""p4"": true}",/home/tushurui/SPR-SC_20260907/06_REPRODUCTION_CODE/results_aligned_mlp_ablation_awgn20/logs/school_full_minus_p2_seed123.log
school,full_minus_p3,Full − P3,125,0.6664896441848115,0.5927267002518891,0.6274477126906091,0.45713938805245263,0.8984571788413098,54783,63.00313822703902,"{""balance"": true, ""matched"": true, ""p1"": true, ""p2"": true, ""p3"": false, ""p4"": true}",/home/tushurui/SPR-SC_20260907/06_REPRODUCTION_CODE/results_aligned_mlp_ablation_awgn20/logs/school_full_minus_p3_seed125.log
school,full_minus_p3,Full − P3,124,0.6732637639438647,0.5891057934508817,0.6283795130142737,0.45812928501469147,0.8984571788413098,54783,84.62982099503279,"{""balance"": true, ""matched"": true, ""p1"": true, ""p2"": true, ""p3"": false, ""p4"": true}",/home/tushurui/SPR-SC_20260907/06_REPRODUCTION_CODE/results_aligned_mlp_ablation_awgn20/logs/school_full_minus_p3_seed124.log
school,full_minus_p2,Full − P2,125,0.6731919521479065,0.5846977329974811,0.6258319993259752,0.4554261189454322,0.8984571788413098,54783,271.7674596599536,"{""balance"": true, ""matched"": true, ""p1"": true, ""p2"": false, ""p3"": true, ""p4"": true}",/home/tushurui/SPR-SC_20260907/06_REPRODUCTION_CODE/results_aligned_mlp_ablation_awgn20/logs/school_full_minus_p2_seed125.log
school,full_minus_p4,Full − P4,124,0.662970784934882,0.5930415617128464,0.6260594980887486,0.4556671101971695,0.8984571788413098,54783,117.41243653395213,"{""balance"": true, ""matched"": true, ""p1"": true, ""p2"": true, ""p3"": true, ""p4"": false}",/home/tushurui/SPR-SC_20260907/06_REPRODUCTION_CODE/results_aligned_mlp_ablation_awgn20/logs/school_full_minus_p4_seed124.log
school,full_minus_p4,Full − P4,123,0.6802902979373567,0.5607682619647355,0.6147739040386606,0.44380762521804135,0.8984571788413098,54783,145.11342640500516,"{""balance"": true, ""matched"": true, ""p1"": true, ""p2"": true, ""p3"": true, ""p4"": false}",/home/tushurui/SPR-SC_20260907/06_REPRODUCTION_CODE/results_aligned_mlp_ablation_awgn20/logs/school_full_minus_p4_seed123.log
school,full_minus_p4,Full − P4,125,0.6661934338952973,0.5909949622166247,0.6263452073079169,0.45596987732296856,0.8984571788413098,54783,160.51461693795864,"{""balance"": true, ""matched"": true, ""p1"": true, ""p2"": true, ""p3"": true, ""p4"": false}",/home/tushurui/SPR-SC_20260907/06_REPRODUCTION_CODE/results_aligned_mlp_ablation_awgn20/logs/school_full_minus_p4_seed125.log
school2,optimal_base,Optimal base,123,0.7253161151466236,0.689690457917626,0.7070548124836087,0.5468559837728195,0.9237656689690458,16740,7.2642760230228305,"{""balance"": false, ""matched"": false, ""p1"": true, ""p2"": false, ""p3"": false, ""p4"": false}",/home/tushurui/SPR-SC_20260907/06_REPRODUCTION_CODE/results_aligned_mlp_ablation_awgn20/logs/school2_optimal_base_seed123.log
school,full_minus_balance,Full − balance,123,0.6546080964685616,0.5982367758186398,0.6251542321296373,0.45470862749790597,0.8984571788413098,54783,113.7290113340132,"{""balance"": false, ""matched"": true, ""p1"": true, ""p2"": true, ""p3"": true, ""p4"": true}",/home/tushurui/SPR-SC_20260907/06_REPRODUCTION_CODE/results_aligned_mlp_ablation_awgn20/logs/school_full_minus_balance_seed123.log
school2,optimal_base,Optimal base,124,0.7251477700161204,0.6904579176259913,0.7073778010745644,0.547242497972425,0.9237656689690458,16740,6.665131303947419,"{""balance"": false, ""matched"": false, ""p1"": true, ""p2"": false, ""p3"": false, ""p4"": false}",/home/tushurui/SPR-SC_20260907/06_REPRODUCTION_CODE/results_aligned_mlp_ablation_awgn20/logs/school2_optimal_base_seed124.log
school2,optimal_base,Optimal base,125,0.7251477700161204,0.6904579176259913,0.7073778010745644,0.547242497972425,0.9237656689690458,16740,6.272949234000407,"{""balance"": false, ""matched"": false, ""p1"": true, ""p2"": false, ""p3"": false, ""p4"": false}",/home/tushurui/SPR-SC_20260907/06_REPRODUCTION_CODE/results_aligned_mlp_ablation_awgn20/logs/school2_optimal_base_seed125.log
school2,minus_p1,Base − P1,123,0.7280774550484094,0.673317984139166,0.6996278575225944,0.5380212591986917,0.9237656689690458,16740,4.674884342006408,"{""balance"": false, ""matched"": false, ""p1"": false, ""p2"": false, ""p3"": false, ""p4"": false}",/home/tushurui/SPR-SC_20260907/06_REPRODUCTION_CODE/results_aligned_mlp_ablation_awgn20/logs/school2_minus_p1_seed123.log
school2,minus_p1,Base − P1,124,0.7258371903076504,0.6820158608339729,0.7032445265101557,0.5423108218063466,0.9237656689690458,16740,3.9221339019713923,"{""balance"": false, ""matched"": false, ""p1"": false, ""p2"": false, ""p3"": false, ""p4"": false}",/home/tushurui/SPR-SC_20260907/06_REPRODUCTION_CODE/results_aligned_mlp_ablation_awgn20/logs/school2_minus_p1_seed124.log
school2,minus_p1,Base − P1,125,0.7274211099020674,0.6840624200562804,0.7050758075148319,0.5444919568316026,0.9237656689690458,16740,3.93780870991759,"{""balance"": false, ""matched"": false, ""p1"": false, ""p2"": false, ""p3"": false, ""p4"": false}",/home/tushurui/SPR-SC_20260907/06_REPRODUCTION_CODE/results_aligned_mlp_ablation_awgn20/logs/school2_minus_p1_seed125.log
school2,plus_p2,Base + P2,123,0.7253161151466236,0.689690457917626,0.7070548124836087,0.5468559837728195,0.9237656689690458,16740,7.543770243995823,"{""balance"": false, ""matched"": false, ""p1"": true, ""p2"": true, ""p3"": false, ""p4"": false}",/home/tushurui/SPR-SC_20260907/06_REPRODUCTION_CODE/results_aligned_mlp_ablation_awgn20/logs/school2_plus_p2_seed123.log
school2,plus_p2,Base + P2,124,0.7251477700161204,0.6904579176259913,0.7073778010745644,0.547242497972425,0.9237656689690458,16740,6.49000094702933,"{""balance"": false, ""matched"": false, ""p1"": true, ""p2"": true, ""p3"": false, ""p4"": false}",/home/tushurui/SPR-SC_20260907/06_REPRODUCTION_CODE/results_aligned_mlp_ablation_awgn20/logs/school2_plus_p2_seed124.log
school2,plus_p2,Base + P2,125,0.7251477700161204,0.6904579176259913,0.7073778010745644,0.547242497972425,0.9237656689690458,16740,6.457177076954395,"{""balance"": false, ""matched"": false, ""p1"": true, ""p2"": true, ""p3"": false, ""p4"": false}",/home/tushurui/SPR-SC_20260907/06_REPRODUCTION_CODE/results_aligned_mlp_ablation_awgn20/logs/school2_plus_p2_seed125.log
school2,plus_matched,Base + matched,123,0.7253161151466236,0.689690457917626,0.7070548124836087,0.5468559837728195,0.9237656689690458,16740,7.4193203849717975,"{""balance"": false, ""matched"": true, ""p1"": true, ""p2"": false, ""p3"": false, ""p4"": false}",/home/tushurui/SPR-SC_20260907/06_REPRODUCTION_CODE/results_aligned_mlp_ablation_awgn20/logs/school2_plus_matched_seed123.log
school2,plus_matched,Base + matched,124,0.7251477700161204,0.6904579176259913,0.7073778010745644,0.547242497972425,0.9237656689690458,16740,6.7442109240219,"{""balance"": false, ""matched"": true, ""p1"": true, ""p2"": false, ""p3"": false, ""p4"": false}",/home/tushurui/SPR-SC_20260907/06_REPRODUCTION_CODE/results_aligned_mlp_ablation_awgn20/logs/school2_plus_matched_seed124.log
school2,plus_matched,Base + matched,125,0.7251477700161204,0.6904579176259913,0.7073778010745644,0.547242497972425,0.9237656689690458,16740,6.359608834027313,"{""balance"": false, ""matched"": true, ""p1"": true, ""p2"": false, ""p3"": false, ""p4"": false}",/home/tushurui/SPR-SC_20260907/06_REPRODUCTION_CODE/results_aligned_mlp_ablation_awgn20/logs/school2_plus_matched_seed125.log
school2,plus_p3,Base + P3,123,0.7256064690026954,0.6886671783064723,0.7066544165901038,0.5463771057438603,0.9237656689690458,16740,14.243711735936813,"{""balance"": false, ""matched"": true, ""p1"": true, ""p2"": false, ""p3"": true, ""p4"": false}",/home/tushurui/SPR-SC_20260907/06_REPRODUCTION_CODE/results_aligned_mlp_ablation_awgn20/logs/school2_plus_p3_seed123.log
school2,plus_p3,Base + P3,124,0.7253044654939107,0.685597339473011,0.7048921620199895,0.5442729488220959,0.9237656689690458,16740,14.34816827706527,"{""balance"": false, ""matched"": true, ""p1"": true, ""p2"": false, ""p3"": true, ""p4"": false}",/home/tushurui/SPR-SC_20260907/06_REPRODUCTION_CODE/results_aligned_mlp_ablation_awgn20/logs/school2_plus_p3_seed124.log
school2,plus_p3,Base + P3,125,0.7253899946207638,0.6899462778204144,0.7072243346007605,0.5470588235294118,0.9237656689690458,16740,13.207029010984115,"{""balance"": false, ""matched"": true, ""p1"": true, ""p2"": false, ""p3"": true, ""p4"": false}",/home/tushurui/SPR-SC_20260907/06_REPRODUCTION_CODE/results_aligned_mlp_ablation_awgn20/logs/school2_plus_p3_seed125.log
school2,plus_p4,Base + P4,123,0.7237124463519313,0.6902020977232028,0.7065601676050806,0.5462644259971654,0.9237656689690458,16740,11.300404694047756,"{""balance"": false, ""matched"": false, ""p1"": true, ""p2"": false, ""p3"": false, ""p4"": true}",/home/tushurui/SPR-SC_20260907/06_REPRODUCTION_CODE/results_aligned_mlp_ablation_awgn20/logs/school2_plus_p4_seed123.log
school2,plus_p4,Base + P4,124,0.7247583243823845,0.6904579176259913,0.707192453818944,0.5470206728820429,0.9237656689690458,16740,12.881365917972289,"{""balance"": false, ""matched"": false, ""p1"": true, ""p2"": false, ""p3"": false, ""p4"": true}",/home/tushurui/SPR-SC_20260907/06_REPRODUCTION_CODE/results_aligned_mlp_ablation_awgn20/logs/school2_plus_p4_seed124.log
school,full_minus_balance,Full − balance,125,0.6773960216998192,0.589735516372796,0.6305335802053526,0.4604228121927237,0.8984571788413098,54783,119.03667936101556,"{""balance"": false, ""matched"": true, ""p1"": true, ""p2"": true, ""p3"": true, ""p4"": true}",/home/tushurui/SPR-SC_20260907/06_REPRODUCTION_CODE/results_aligned_mlp_ablation_awgn20/logs/school_full_minus_balance_seed125.log
school2,plus_p4,Base + P4,125,0.7269493844049247,0.6797134817088769,0.7025383395029084,0.5414713674342776,0.9237656689690458,16740,11.467559198033996,"{""balance"": false, ""matched"": false, ""p1"": true, ""p2"": false, ""p3"": false, ""p4"": true}",/home/tushurui/SPR-SC_20260907/06_REPRODUCTION_CODE/results_aligned_mlp_ablation_awgn20/logs/school2_plus_p4_seed125.log
school,full_minus_balance,Full − balance,124,0.665258711721225,0.595088161209068,0.6282200432109024,0.45795977707778046,0.8984571788413098,54783,143.70786391908769,"{""balance"": false, ""matched"": true, ""p1"": true, ""p2"": true, ""p3"": true, ""p4"": true}",/home/tushurui/SPR-SC_20260907/06_REPRODUCTION_CODE/results_aligned_mlp_ablation_awgn20/logs/school_full_minus_balance_seed124.log
school2,balance_toggle,Base ± balance,123,0.7255801403130059,0.687899718598107,0.7062376887721602,0.5458790093382054,0.9237656689690458,16740,10.869877698947676,"{""balance"": true, ""matched"": false, ""p1"": true, ""p2"": false, ""p3"": false, ""p4"": false}",/home/tushurui/SPR-SC_20260907/06_REPRODUCTION_CODE/results_aligned_mlp_ablation_awgn20/logs/school2_balance_toggle_seed123.log
school2,balance_toggle,Base ± balance,125,0.7249932596387166,0.687899718598107,0.7059595694407981,0.545546764049503,0.9237656689690458,16740,11.935341970995069,"{""balance"": true, ""matched"": false, ""p1"": true, ""p2"": false, ""p3"": false, ""p4"": false}",/home/tushurui/SPR-SC_20260907/06_REPRODUCTION_CODE/results_aligned_mlp_ablation_awgn20/logs/school2_balance_toggle_seed125.log
school2,balance_toggle,Base ± balance,124,0.7247978436657682,0.687899718598107,0.7058669116681979,0.5454361054766734,0.9237656689690458,16740,13.514704894972965,"{""balance"": true, ""matched"": false, ""p1"": true, ""p2"": false, ""p3"": false, ""p4"": false}",/home/tushurui/SPR-SC_20260907/06_REPRODUCTION_CODE/results_aligned_mlp_ablation_awgn20/logs/school2_balance_toggle_seed124.log
school2,full_minus_p1,Full − P1,123,0.7213470939706681,0.6794576618060885,0.6997760505862204,0.5381965552178318,0.9237656689690458,16740,33.47597730206326,"{""balance"": true, ""matched"": true, ""p1"": false, ""p2"": true, ""p3"": true, ""p4"": true}",/home/tushurui/SPR-SC_20260907/06_REPRODUCTION_CODE/results_aligned_mlp_ablation_awgn20/logs/school2_full_minus_p1_seed123.log
school2,full,Full,123,0.723952738990333,0.689690457917626,0.7064063932922835,0.5460806157585578,0.9237656689690458,16740,50.41898435598705,"{""balance"": true, ""matched"": true, ""p1"": true, ""p2"": true, ""p3"": true, ""p4"": true}",/home/tushurui/SPR-SC_20260907/06_REPRODUCTION_CODE/results_aligned_mlp_ablation_awgn20/logs/school2_full_seed123.log
school2,full,Full,125,0.7231471535982814,0.6889229982092607,0.705620332765623,0.5451417004048583,0.9237656689690458,16740,49.098701728042215,"{""balance"": true, ""matched"": true, ""p1"": true, ""p2"": true, ""p3"": true, ""p4"": true}",/home/tushurui/SPR-SC_20260907/06_REPRODUCTION_CODE/results_aligned_mlp_ablation_awgn20/logs/school2_full_seed125.log
school2,full,Full,124,0.722431414739107,0.6871322588897416,0.7043398452864822,0.5436146529042704,0.9237656689690458,16740,54.058435193961486,"{""balance"": true, ""matched"": true, ""p1"": true, ""p2"": true, ""p3"": true, ""p4"": true}",/home/tushurui/SPR-SC_20260907/06_REPRODUCTION_CODE/results_aligned_mlp_ablation_awgn20/logs/school2_full_seed124.log
school2,full_minus_p1,Full − P1,125,0.7188506981740065,0.6848298797646457,0.7014280099567668,0.5401533494753834,0.9237656689690458,16740,33.85556821897626,"{""balance"": true, ""matched"": true, ""p1"": false, ""p2"": true, ""p3"": true, ""p4"": true}",/home/tushurui/SPR-SC_20260907/06_REPRODUCTION_CODE/results_aligned_mlp_ablation_awgn20/logs/school2_full_minus_p1_seed125.log
school2,full_minus_p1,Full − P1,124,0.7228186072116708,0.6717830647224354,0.6963670114028109,0.5341741253051261,0.9237656689690458,16740,38.86521856801119,"{""balance"": true, ""matched"": true, ""p1"": false, ""p2"": true, ""p3"": true, ""p4"": true}",/home/tushurui/SPR-SC_20260907/06_REPRODUCTION_CODE/results_aligned_mlp_ablation_awgn20/logs/school2_full_minus_p1_seed124.log
school2,full_minus_p3,Full − P3,123,0.7252568956192537,0.6861089792785878,0.7051400026291573,0.5445685279187817,0.9237656689690458,16740,16.923769297078252,"{""balance"": true, ""matched"": true, ""p1"": true, ""p2"": true, ""p3"": false, ""p4"": true}",/home/tushurui/SPR-SC_20260907/06_REPRODUCTION_CODE/results_aligned_mlp_ablation_awgn20/logs/school2_full_minus_p3_seed123.log
school2,full_minus_p2,Full − P2,123,0.7242787152966794,0.6807367613200307,0.7018330476064881,0.5406338886631451,0.9237656689690458,16740,50.87444599508308,"{""balance"": true, ""matched"": true, ""p1"": true, ""p2"": false, ""p3"": true, ""p4"": true}",/home/tushurui/SPR-SC_20260907/06_REPRODUCTION_CODE/results_aligned_mlp_ablation_awgn20/logs/school2_full_minus_p2_seed123.log
school2,full_minus_p2,Full − P2,124,0.722431414739107,0.6871322588897416,0.7043398452864822,0.5436146529042704,0.9237656689690458,16740,52.68657725688536,"{""balance"": true, ""matched"": true, ""p1"": true, ""p2"": false, ""p3"": true, ""p4"": true}",/home/tushurui/SPR-SC_20260907/06_REPRODUCTION_CODE/results_aligned_mlp_ablation_awgn20/logs/school2_full_minus_p2_seed124.log
school2,full_minus_p3,Full − P3,124,0.7240268456375839,0.6899462778204144,0.7065758449043751,0.5462831679157383,0.9237656689690458,16740,17.7762869639555,"{""balance"": true, ""matched"": true, ""p1"": true, ""p2"": true, ""p3"": false, ""p4"": true}",/home/tushurui/SPR-SC_20260907/06_REPRODUCTION_CODE/results_aligned_mlp_ablation_awgn20/logs/school2_full_minus_p3_seed124.log
school2,full_minus_p3,Full − P3,125,0.723673579315917,0.68738807879253,0.7050642875885594,0.5444782168186424,0.9237656689690458,16740,17.08708603796549,"{""balance"": true, ""matched"": true, ""p1"": true, ""p2"": true, ""p3"": false, ""p4"": true}",/home/tushurui/SPR-SC_20260907/06_REPRODUCTION_CODE/results_aligned_mlp_ablation_awgn20/logs/school2_full_minus_p3_seed125.log
school2,full_minus_p2,Full − P2,125,0.7245090126446059,0.6889229982092607,0.7062680304222398,0.5459152645449017,0.9237656689690458,16740,48.87270724901464,"{""balance"": true, ""matched"": true, ""p1"": true, ""p2"": false, ""p3"": true, ""p4"": true}",/home/tushurui/SPR-SC_20260907/06_REPRODUCTION_CODE/results_aligned_mlp_ablation_awgn20/logs/school2_full_minus_p2_seed125.log
school2,full_minus_p4,Full − P4,123,0.7261354364971444,0.6830391404451266,0.7039282889533351,0.5431244914564687,0.9237656689690458,16740,33.90034483000636,"{""balance"": true, ""matched"": true, ""p1"": true, ""p2"": true, ""p3"": true, ""p4"": false}",/home/tushurui/SPR-SC_20260907/06_REPRODUCTION_CODE/results_aligned_mlp_ablation_awgn20/logs/school2_full_minus_p4_seed123.log
school2,full_minus_p4,Full − P4,124,0.7216577540106952,0.6904579176259913,0.7057131651196235,0.5452525252525252,0.9237656689690458,16740,34.03937404509634,"{""balance"": true, ""matched"": true, ""p1"": true, ""p2"": true, ""p3"": true, ""p4"": false}",/home/tushurui/SPR-SC_20260907/06_REPRODUCTION_CODE/results_aligned_mlp_ablation_awgn20/logs/school2_full_minus_p4_seed124.log
school2,full_minus_balance,Full − balance,123,0.7251477700161204,0.6904579176259913,0.7073778010745644,0.547242497972425,0.9237656689690458,16740,31.637802470009774,"{""balance"": false, ""matched"": true, ""p1"": true, ""p2"": true, ""p3"": true, ""p4"": true}",/home/tushurui/SPR-SC_20260907/06_REPRODUCTION_CODE/results_aligned_mlp_ablation_awgn20/logs/school2_full_minus_balance_seed123.log
school2,full_minus_p4,Full − P4,125,0.6987490426346694,0.7001790739319519,0.6994633273703041,0.5378266850068776,0.9237656689690458,16740,37.192705302964896,"{""balance"": true, ""matched"": true, ""p1"": true, ""p2"": true, ""p3"": true, ""p4"": false}",/home/tushurui/SPR-SC_20260907/06_REPRODUCTION_CODE/results_aligned_mlp_ablation_awgn20/logs/school2_full_minus_p4_seed125.log
school2,full_minus_balance,Full − balance,124,0.7255324885413859,0.6884113584036838,0.7064846416382252,0.5461741424802111,0.9237656689690458,16740,32.41990012396127,"{""balance"": false, ""matched"": true, ""p1"": true, ""p2"": true, ""p3"": true, ""p4"": true}",/home/tushurui/SPR-SC_20260907/06_REPRODUCTION_CODE/results_aligned_mlp_ablation_awgn20/logs/school2_full_minus_balance_seed124.log
school2,full_minus_balance,Full − balance,125,0.7171556965371398,0.6940393962650294,0.7054082163286531,0.5448885318337016,0.9237656689690458,16740,26.484777453006245,"{""balance"": false, ""matched"": true, ""p1"": true, ""p2"": true, ""p3"": true, ""p4"": true}",/home/tushurui/SPR-SC_20260907/06_REPRODUCTION_CODE/results_aligned_mlp_ablation_awgn20/logs/school2_full_minus_balance_seed125.log
