dataset,module,label,metric,mean,std,seeds
enron,base,Base (fixed τ),f1,0.2304191542588611,0.010160434232276791,3
enron,base,Base (fixed τ),candidate_recall,0.3029100529100529,0.0,3
enron,base,Base (fixed τ),runtime,3.693214130626681,0.2617388335802273,3
enron,p1,+P1 threshold,f1,0.30695654846251247,0.0028165026567072444,3
enron,p1,+P1 threshold,candidate_recall,0.3029100529100529,0.0,3
enron,p1,+P1 threshold,runtime,4.817366780286345,0.280210276794738,3
enron,p1_p2,+P1+P2 candidates,f1,0.30695654846251247,0.0028165026567072444,3
enron,p1_p2,+P1+P2 candidates,candidate_recall,0.3029100529100529,0.0,3
enron,p1_p2,+P1+P2 candidates,runtime,4.821218939963728,0.24035613657827326,3
enron,p1_p3,+P1+P3 SNR window,f1,0.28636729368001707,0.007338829892043505,3
enron,p1_p3,+P1+P3 SNR window,candidate_recall,0.3029100529100529,0.0,3
enron,p1_p3,+P1+P3 SNR window,runtime,8.938486076658592,0.17010421274082838,3
enron,p1_p2_p3,+P1+P2+P3,f1,0.28636729368001707,0.007338829892043505,3
enron,p1_p2_p3,+P1+P2+P3,candidate_recall,0.3029100529100529,0.0,3
enron,p1_p2_p3,+P1+P2+P3,runtime,8.987957212647112,0.1604390162076412,3
enron,p1_p4,+P1+P4 soft-v2,f1,0.29884117790044407,0.002484660255770743,3
enron,p1_p4,+P1+P4 soft-v2,candidate_recall,0.3029100529100529,0.0,3
enron,p1_p4,+P1+P4 soft-v2,runtime,4.59341213433072,0.3295839805405555,3
enron,p1_p5_lr,+P1+P5 LR,f1,0.3079589894945611,0.0005598546222057003,3
enron,p1_p5_lr,+P1+P5 LR,candidate_recall,0.3029100529100529,0.0,3
enron,p1_p5_lr,+P1+P5 LR,runtime,0.8160149559844285,0.009976704658080227,3
enron,p1_upsample,+P1 upsample,f1,0.3063687601275516,0.004153548995214939,3
enron,p1_upsample,+P1 upsample,candidate_recall,0.3029100529100529,0.0,3
enron,p1_upsample,+P1 upsample,runtime,5.160266941646114,0.28600418143146533,3
crime,base,Base (fixed τ),f1,0.8860660124888492,0.0033305297097814524,3
crime,base,Base (fixed τ),candidate_recall,0.95703125,0.0,3
crime,base,Base (fixed τ),runtime,0.7559821170289069,0.06446454866913415,3
crime,p1,+P1 threshold,f1,0.859591640038223,0.0032541755856583953,3
crime,p1,+P1 threshold,candidate_recall,0.95703125,0.0,3
crime,p1,+P1 threshold,runtime,0.9461853516986594,0.09021601003712913,3
crime,p1_p2,+P1+P2 candidates,f1,0.859591640038223,0.0032541755856583953,3
crime,p1_p2,+P1+P2 candidates,candidate_recall,0.95703125,0.0,3
crime,p1_p2,+P1+P2 candidates,runtime,0.9605516363323355,0.08621062174494054,3
crime,p1_p3,+P1+P3 SNR window,f1,0.8588368588368588,0.02965890880790902,3
crime,p1_p3,+P1+P3 SNR window,candidate_recall,0.95703125,0.0,3
crime,p1_p3,+P1+P3 SNR window,runtime,2.970956427666048,0.6151834577554023,3
crime,p1_p2_p3,+P1+P2+P3,f1,0.8531962876225171,0.023386553924906663,3
crime,p1_p2_p3,+P1+P2+P3,candidate_recall,0.95703125,0.0,3
crime,p1_p2_p3,+P1+P2+P3,runtime,2.785211504320614,0.40088096020119107,3
crime,p1_p4,+P1+P4 soft-v2,f1,0.8653589436862958,0.005105737696809139,3
crime,p1_p4,+P1+P4 soft-v2,candidate_recall,0.95703125,0.0,3
crime,p1_p4,+P1+P4 soft-v2,runtime,1.1629334473594402,0.03204826492469724,3
crime,p1_p5_lr,+P1+P5 LR,f1,0.878560761840359,0.003675937368062644,3
crime,p1_p5_lr,+P1+P5 LR,candidate_recall,0.95703125,0.0,3
crime,p1_p5_lr,+P1+P5 LR,runtime,0.49517797166481614,0.0022080992159848032,3
crime,p1_upsample,+P1 upsample,f1,0.8305063419632503,0.015722368347394478,3
crime,p1_upsample,+P1 upsample,candidate_recall,0.95703125,0.0,3
crime,p1_upsample,+P1 upsample,runtime,2.369521053042263,0.19421012225911363,3
