dataset,module,label,f1_mean,f1_std,delta_vs_base,candidate_recall_mean,runtime_mean_seconds,seeds,p2_applicable
enron,base,Base (fixed τ),0.2304191542588611,0.010160434232276791,0.0,0.3029100529100529,3.693214130626681,3,True
enron,p1,+P1 threshold,0.30695654846251247,0.0028165026567072444,0.07653739420365138,0.3029100529100529,4.817366780286345,3,True
enron,p1_p2,+P1+P2 candidates,0.30695654846251247,0.0028165026567072444,0.07653739420365138,0.3029100529100529,4.821218939963728,3,True
enron,p1_p3,+P1+P3 SNR window,0.28636729368001707,0.007338829892043505,0.05594813942115598,0.3029100529100529,8.938486076658592,3,True
enron,p1_p2_p3,+P1+P2+P3,0.28636729368001707,0.007338829892043505,0.05594813942115598,0.3029100529100529,8.987957212647112,3,True
enron,p1_p4,+P1+P4 soft-v2,0.29884117790044407,0.002484660255770743,0.06842202364158298,0.3029100529100529,4.59341213433072,3,True
enron,p1_p5_lr,+P1+P5 LR,0.3079589894945611,0.0005598546222057003,0.07753983523569999,0.3029100529100529,0.8160149559844285,3,True
enron,p1_upsample,+P1 upsample,0.3063687601275516,0.004153548995214939,0.07594960586869051,0.3029100529100529,5.160266941646114,3,True
school,base,Base (fixed τ),0.6155518400601142,0.0016930985921482893,0.0,0.8984571788413098,9.940961357400132,3,True
school,p1,+P1 threshold,0.6280496634581052,0.002789543798873115,0.012497823397990993,0.8984571788413098,14.778099268985292,3,True
school,p1_p2,+P1+P2 candidates,0.6282437094952531,0.0027113163826736645,0.012691869435138892,0.8984571788413098,15.010293108643964,3,True
school,p1_p3,+P1+P3 SNR window,0.6252148025674517,0.004262468098926536,0.009662962507337447,0.8984571788413098,50.95295725801649,3,True
school,p1_p2_p3,+P1+P2+P3,0.6275793146389715,0.0016969958203382565,0.012027474578857333,0.8984571788413098,53.13486699868614,3,True
school,p1_p4,+P1+P4 soft-v2,0.6110450684914839,0.0021886388436445836,-0.00450677156863033,0.8984571788413098,28.504318821631994,3,True
school,p1_p5_lr,+P1+P5 LR,0.6280741511225432,0.002698535491519171,0.012522311062428959,0.8984571788413098,4.739938783304145,3,True
school,p1_upsample,+P1 upsample,0.6262090180767457,0.002146597909074026,0.010657178016631463,0.8984571788413098,28.131470167660154,3,True
school2,base,Base (fixed τ),0.6983882001436775,0.004832984106679659,0.0,0.9237656689690458,4.8550893263503285,3,True
school2,p1,+P1 threshold,0.7050645376447714,0.0004431283093454767,0.006676337501093865,0.9237656689690458,8.090738106014518,3,True
school2,p1_p2,+P1+P2 candidates,0.7050645376447714,0.0004431283093454767,0.006676337501093865,0.9237656689690458,8.25339110129668,3,True
school2,p1_p3,+P1+P3 SNR window,0.6952343561731437,0.004340483641881243,-0.003153843970533865,0.9237656689690458,40.04422670470861,3,True
school2,p1_p2_p3,+P1+P2+P3,0.6978075308472196,0.004501595766682911,-0.0005806692964579474,0.9237656689690458,35.679429410413526,3,True
school2,p1_p4,+P1+P4 soft-v2,0.705054355667592,0.0010841148870583985,0.006666155523914474,0.9237656689690458,11.936868944321759,3,True
school2,p1_p5_lr,+P1+P5 LR,0.7073213300304871,7.98621164153553e-05,0.00893312988680961,0.9237656689690458,1.6115668166894466,3,True
school2,p1_upsample,+P1 upsample,0.7021854453322899,0.004570117285182248,0.0037972451886123526,0.9237656689690458,15.383291055331938,3,True
directors,base,Base (fixed τ),1.0,0.0,0.0,1.0,0.4597231666557491,3,True
directors,p1,+P1 threshold,1.0,0.0,0.0,1.0,0.45420281767534715,3,True
directors,p1_p2,+P1+P2 candidates,1.0,0.0,0.0,1.0,0.4668295690013717,3,True
directors,p1_p3,+P1+P3 SNR window,0.9966996699669967,0.004667371492980568,-0.0033003300330033403,1.0,1.0534636937081814,3,True
directors,p1_p2_p3,+P1+P2+P3,1.0,0.0,0.0,1.0,1.1072307383874431,3,True
directors,p1_p4,+P1+P4 soft-v2,1.0,0.0,0.0,1.0,0.4789668560260907,3,True
directors,p1_p5_lr,+P1+P5 LR,1.0,0.0,0.0,1.0,0.452397799002938,3,True
directors,p1_upsample,+P1 upsample,1.0,0.0,0.0,1.0,0.4547610133498286,3,True
crime,base,Base (fixed τ),0.8860660124888492,0.0033305297097814524,0.0,0.95703125,0.7559821170289069,3,True
crime,p1,+P1 threshold,0.859591640038223,0.0032541755856583953,-0.026474372450626227,0.95703125,0.9461853516986594,3,True
crime,p1_p2,+P1+P2 candidates,0.859591640038223,0.0032541755856583953,-0.026474372450626227,0.95703125,0.9605516363323355,3,True
crime,p1_p3,+P1+P3 SNR window,0.8588368588368588,0.02965890880790902,-0.027229153651990412,0.95703125,2.970956427666048,3,True
crime,p1_p2_p3,+P1+P2+P3,0.8531962876225171,0.023386553924906663,-0.032869724866332106,0.95703125,2.785211504320614,3,True
crime,p1_p4,+P1+P4 soft-v2,0.8653589436862958,0.005105737696809139,-0.020707068802553352,0.95703125,1.1629334473594402,3,True
crime,p1_p5_lr,+P1+P5 LR,0.878560761840359,0.003675937368062644,-0.007505250648490169,0.95703125,0.49517797166481614,3,True
crime,p1_upsample,+P1 upsample,0.8305063419632503,0.015722368347394478,-0.05555967052559885,0.95703125,2.369521053042263,3,True
fb_auto,base,Base (fixed τ),0.8024196449365096,0.0016771990259244304,0.0,0.9940312213039486,9.529962288293367,3,True
fb_auto,p1,+P1 threshold,0.7972791487281214,0.003038240297818225,-0.00514049620838819,0.9940312213039486,14.848997313335227,3,True
fb_auto,p1_p2,+P1+P2 candidates,0.7968261359996319,0.003157560653926641,-0.005593508936877711,0.9940312213039486,14.721630821586587,3,True
fb_auto,p1_p3,+P1+P3 SNR window,0.798425711416003,0.0005898588090594301,-0.003993933520506587,0.9940312213039486,39.162237628673516,3,True
fb_auto,p1_p2_p3,+P1+P2+P3,0.7991722738625656,0.0003739275391154632,-0.0032473710739440165,0.9940312213039486,37.09999047666012,3,True
fb_auto,p1_p4,+P1+P4 soft-v2,0.7958270327663631,0.0022270562850521167,-0.006592612170146506,0.9940312213039486,17.933108136678737,3,True
fb_auto,p1_p5_lr,+P1+P5 LR,0.7930850114318956,0.003122521125653209,-0.009334633504614054,0.9940312213039486,3.395378518694391,3,True
fb_auto,p1_upsample,+P1 upsample,0.7988592924078778,0.0015712024012188301,-0.0035603525286318494,0.9940312213039486,18.343308247975074,3,True
jf17k,base,Base (fixed τ),0.7863755375961171,0.02106165507135771,0.0,0.9073739200321479,144.9921627189809,3,True
jf17k,p1,+P1 threshold,0.7700853385023413,0.022748080489888703,-0.016290199093775826,0.9073739200321479,194.13647430564743,3,True
jf17k,p1_p2,+P1+P2 candidates,,,,,,0,False
jf17k,p1_p3,+P1+P3 SNR window,0.7514294854480946,0.0395913461261807,-0.03494605214802249,0.9073739200321479,367.42926724631496,3,True
jf17k,p1_p2_p3,+P1+P2+P3,,,,,,0,False
jf17k,p1_p4,+P1+P4 soft-v2,0.7611042585477001,0.025470501235276086,-0.025271279048416972,0.9073739200321479,192.02553484631548,3,True
jf17k,p1_p5_lr,+P1+P5 LR,0.5494570490419357,0.0015754907079470718,-0.2369184885541814,0.9073739200321479,91.37040558267229,3,True
jf17k,p1_upsample,+P1 upsample,0.7777633245613687,0.029268047603826695,-0.008612213034748462,0.9073739200321479,210.5274398663702,3,True
m_fb15k,base,Base (fixed τ),0.17830322666617304,0.03143843315449032,0.0,0.7820041429311239,439.7379852053321,3,True
m_fb15k,p1,+P1 threshold,0.18354573540909622,0.01726558332458831,0.005242508742923174,0.7820041429311239,661.3803435706844,3,True
m_fb15k,p1_p2,+P1+P2 candidates,,,,,,0,False
m_fb15k,p1_p3,+P1+P3 SNR window,0.12890921249800283,0.017932667786397623,-0.049394014168170214,0.7820041429311239,1449.6073530199549,3,True
m_fb15k,p1_p2_p3,+P1+P2+P3,,,,,,0,False
m_fb15k,p1_p4,+P1+P4 soft-v2,0.19724352506475554,0.02382243195921133,0.018940298398582495,0.7820041429311239,1110.979185850282,3,True
m_fb15k,p1_p5_lr,+P1+P5 LR,0.22163627644072517,0.0009313587641022337,0.04333304977455213,0.7820041429311239,211.8328037133518,3,True
m_fb15k,p1_upsample,+P1 upsample,0.16770891850982883,0.01929272557082086,-0.010594308156344212,0.7820041429311239,813.0769135996621,3,True
wikipeople,base,Base (fixed τ),0.03238658349748889,0.03313074289179264,0.0,0.9775481363716657,928.5079289826875,3,True
wikipeople,p1,+P1 threshold,0.032421057389696424,0.03311711462284975,3.447389220753716e-05,0.9775481363716657,1012.6620293076461,3,True
wikipeople,p1_p2,+P1+P2 candidates,,,,,,0,False
wikipeople,p1_p3,+P1+P3 SNR window,0.55223050377425,0.2986039954743172,0.5198439202767611,0.9775481363716657,2894.860243388335,3,True
wikipeople,p1_p2_p3,+P1+P2+P3,,,,,,0,False
wikipeople,p1_p4,+P1+P4 soft-v2,0.03424634269561335,0.01021580794583072,0.0018597591981244638,0.9775481363716657,1284.026951835646,3,True
wikipeople,p1_p5_lr,+P1+P5 LR,0.06436314192459572,0.008354025639063596,0.03197655842710683,0.9775481363716657,824.4649143150309,3,True
wikipeople,p1_upsample,+P1 upsample,0.032421057389696424,0.03311711462284975,3.447389220753716e-05,0.9775481363716657,1000.1256931090029,3,True
