relative_path,size_bytes,sha256
01_图片/v1_1主图/fig_10_v1_1_retention_storage.png,107951,90c6f2322abbf48d6cd639e8fd004dee2177240d3c095482cfccb4f5beef8676
01_图片/v1_1主图/fig_11_v1_1_enron_size_stratified.png,69735,3c9941d7bdf9d0341ebedef7a812e64a2d4510ca56d0e8a2397432f97709d270
01_图片/v1_1主图/fig_12_v1_1_fb_auto_size_stratified.png,72497,559a92aa88de972700a87298c4f999acdb117006ad573e3a5ea6a0eaaabe35f6
01_图片/v1_1主图/fig_1_v1_1_optimal_awgn_snr.png,241117,7f39715b93c277a8dcbea39615e02c88f2ca1f37d26c2e2eedd78f1db6558405
01_图片/v1_1主图/fig_2_v1_1_optimal_rayleigh_snr.png,227165,31003eb06bfbd97f537c4421b6e100fec27fb310fc7b447629839534e229092f
01_图片/v1_1主图/fig_3_v1_1_f1_ablation.png,89825,159653d3af4b98f7275c792ad32c54d34038df6f8402d1bc02f9448fed336a78
01_图片/v1_1主图/fig_4_v1_1_candidate_recall_ablation.png,93460,98300a794181e3b9ab1cedf209c9461c59ee4a601b24fd81e931a404806cea08
01_图片/v1_1主图/fig_9_5_v1_1_f1_vs_storage.png,112526,4201bd29782ee378e9485c80f8c8c27813502d86dd36d87077c6538575f2c969
01_图片/v1_1主图/fig_9_v1_1_retention_f1.png,125687,fb2ae89cb2ed416530bf903b866497e5e0e46484d84d727fcd760bb1fbf21309
01_图片/v1_1主图/fig_ablation_all_datasets_awgn20_best.png,117796,2b293fe88763f858e26e7b002377f31256753d3cb5fb3464de5b9498484298a4
01_图片/v1_1主图/fig_ablation_all_datasets_awgn20_delta.png,245086,c5957338020a73fd52cf5995710ccfe18fe6860ff13d63a4f959857785dc51eb
01_图片/v1_1主图/fig_ablation_enron_crime_awgn20.png,329433,1335801d33be5409af1b729b099bf25549f1f1003be09524890776b0a03fb52c
01_图片/v1_2新增/fig_v1_2_ablation_all4_delta.png,192259,6e2f27b80f8daf17ba47dda46e410659f9c07bcc8a96fa7fd918872a71008ce6
01_图片/v1_2新增/fig_v1_2_ablation_enron_pschool.png,217317,cf4ea0170a9e610d105c383479bee0d4e20914d98205bcbbc798483a7a5fd80f
01_图片/v1_2新增/fig_v1_2_ablation_top2_absolute_f1.png,200480,8b9a1b23682ab06aba91f28137e553229ca4d39c0b8fae1b4128847e11aa195f
01_图片/v1_2新增/fig_v1_2_mlp_dataset_comparison.png,110744,4dd85d3f5d974843554c3881518775436376cb5b9ecac2519c00c15783d971c8
01_图片/v1_2新增/rho_nk/fig_rho_enron_bubble_alignment_triptych_k13.pdf,89806,6dacaef328e52c37a54451ba199cd271ac6bb15d2e15121575dc0f102541cfce
01_图片/v1_2新增/rho_nk/fig_rho_enron_bubble_alignment_triptych_k13.png,840944,0500e01ee2708e916940d19bf0d63f866af98101b699b429a27a1f7b42bcc847
01_图片/v1_2新增/rho_nk/fig_rho_enron_bubble_k13.pdf,65150,db3cf5f2aaeceaef27a303272783d5065fb63db358c16a78a915f640a4cb9721
01_图片/v1_2新增/rho_nk/fig_rho_enron_bubble_k13.png,680017,fcc749da322c3607fe4d318002d990ebaeffe03fa2b424bf11340b0a528f17ec
01_图片/v1_2新增/rho_nk/fig_rho_enron_composite_k13.pdf,59768,f3b227c3d7e050fa403800a863dde9f01950abddda7e7fc4cf20e43968bfbfb4
01_图片/v1_2新增/rho_nk/fig_rho_enron_composite_k13.png,667437,b408193d8657443f27a8b70f60fc8e3a8eb8edb0b4aec2d05ec9e3f210a20eea
01_图片/v1_2新增/rho_nk/fig_rho_enron_train_query.pdf,32827,31b7f7009548120eed2abc165921531ef13b2b22450e2ae9eccdebc9c8e8671b
01_图片/v1_2新增/rho_nk/fig_rho_enron_train_query.png,130659,35812f749391a898caed1197dbd719f09bc6878415a168772a669fc7ebc035de
02_数据/v1_1历史数据/SPR_SC_v1_1_complete_results.xlsx,149250,c2dd78b2d5da0a62682aad8b18e98ec94bd40f0e80130400b443807547c71c4d
02_数据/v1_1历史数据/ablation_all_datasets_awgn20.csv,8613,fe11ffa656d884af1971e750b2cd19d585177142bea3abf92939f3b5885e4700
02_数据/v1_1历史数据/ablation_enron_crime_awgn20.csv,3457,ac1250207c125244061819346b420aba4aadbab226e9cbdcfc6c925cf17b68fa
02_数据/v1_1历史数据/six_dataset_snr_plot_data.csv,34026,326fac3863b0b0dc1b5d4a43d0ba35a9cfb93d0760242aec055f42f578f323a4
02_数据/v1_2_rho_nk/enron_rho_cells.csv,14142,10e4666349331f36ec42d12f7720579feee3119135828fee45f490ffc7eab544
02_数据/v1_2参数对齐消融/ablation_detailed.csv,58944,c35c530f54a2a5b9acdf2c1b6c30899d3d7696499d912f660d8f5daf7db54ebc
02_数据/v1_2参数对齐消融/ablation_results.jsonl,90336,bbd489fec8112e25bf0390a13480f0f6a705a7b2870f2ef34be874fff00b4b46
02_数据/v1_2参数对齐消融/ablation_summary.csv,9003,ff16bdd016e55c7470e21bdaeb64d9223a4de16a0589a42579015024f33c76e1
02_数据/v1_2参数对齐消融/selected_top2.json,220,bc2eca695336317dcd1e094c9b004ed84aad207f8eecd91dc7a8fad49a80738c
02_数据/v1_2最优MLP/all_datasets_evaluation_detailed.csv,26440,cd52dad44cb75e8a89e0e36335261d9e7e69da20f14a68b25f7db1bd772049d0
02_数据/v1_2最优MLP/all_datasets_evaluation_summary.csv,4060,6ccfbb6d85d9606dab80554c56ba5ac8b972b01ca363bbd927da49a30e8bbc69
02_数据/v1_2最优MLP/status.json,281,3cfb7fb50e5e26c43dada6e682ecf6d33558bb5ec4b6d365317edfa8ae8ccfb5
02_数据/v1_2最优MLP/逐数据集/crime/best_config.json,5577,f25e0456c4332afb7ffae3d23639f931723409c75b0d17a8e68f957302355b3b
02_数据/v1_2最优MLP/逐数据集/crime/evaluation_results.jsonl,4475,262ea2b6db0eb8bf7dfc430a1bdb5e57e5c9d32f18bbaeaf2c28c7b98c8f5e8a
02_数据/v1_2最优MLP/逐数据集/crime/ranking.csv,12252,357a58b7f87572cbb930feef632cb0bf130a8d521a4dc49f4c19d4620f0b99dd
02_数据/v1_2最优MLP/逐数据集/crime/search_manifest.json,15492,7df12c0a8bf73205ef027d703d29b399a95c846abceff7468430e722fd2f0379
02_数据/v1_2最优MLP/逐数据集/crime/summary.json,285,87c0e0820d603c0bb3e112b598ca1da5cb753fa64180f10003df58d568a17b2f
02_数据/v1_2最优MLP/逐数据集/directors/best_config.json,5473,f7ed61811c6735e5eb91af8c566a92c43ccb470c9301264bc8d3b63ad480a870
02_数据/v1_2最优MLP/逐数据集/directors/evaluation_results.jsonl,4230,f88057c471016448fe7bf66b9ba13dacc6e20468bd2b169dfa2eef817111d5c5
02_数据/v1_2最优MLP/逐数据集/directors/ranking.csv,11560,8f13e6e1a9ea471e5ff3115da087093c5ebe497ece3ab69d184a28fdba1c78e4
02_数据/v1_2最优MLP/逐数据集/directors/search_manifest.json,15502,254a5006b09bbb01923e207e7603b5b09fe7af6c7b6702c8e6dd64eaac9b84d8
02_数据/v1_2最优MLP/逐数据集/directors/summary.json,289,f3fd7655a3614704e8bfe21606a541bbb60c126dc03cb78ea65be0a6914c1b4a
02_数据/v1_2最优MLP/逐数据集/enron/best_config.json,5446,0564eaf96164ff760d50f036e69558701f51f568a16d5f5a49c5db2a6293a83d
02_数据/v1_2最优MLP/逐数据集/enron/evaluation_results.jsonl,4723,159ecde540de7e123f425b896664bf4ee89579c42997f12c1efcaaa95170e06e
02_数据/v1_2最优MLP/逐数据集/enron/ranking.csv,12270,6903a8f45ba9de80fbec965c915bbc325a69015deb7eb36e30ba7557039a45e6
02_数据/v1_2最优MLP/逐数据集/enron/search_manifest.json,15492,7c819c4b54bd1d3994b09158d0cd16321b63e71a1cf22f152feec9d0af5974fc
02_数据/v1_2最优MLP/逐数据集/enron/summary.json,285,920413c98fccf6bb199744e330499e1db54730e96372740978ff87b1af87d889
02_数据/v1_2最优MLP/逐数据集/fb_auto/best_config.json,5495,d4f0873d792782cf1567e08cf174598b43e514d52feb68a3d8b7ebb113331f10
02_数据/v1_2最优MLP/逐数据集/fb_auto/evaluation_results.jsonl,4714,8dd4fd06deccc33af7a05c068aa94a716c153242abbb2f9a25b3fbf1487276d0
02_数据/v1_2最优MLP/逐数据集/fb_auto/ranking.csv,12268,3fb396078522a3f33f97d42e62bfadb155434d260b442e5d62eefc469fa38904
02_数据/v1_2最优MLP/逐数据集/fb_auto/search_manifest.json,15500,5ddf31a9845bc4f487903f5c25ee94441d3c9c7bf3042015c8583d4ce16e729e
02_数据/v1_2最优MLP/逐数据集/fb_auto/summary.json,287,a339726e5e617952b90ca71c4257e17e110663a2cf77421e1a93ac6e24be15b3
02_数据/v1_2最优MLP/逐数据集/jf17k/best_config.json,5507,889848adb12c5e070f223d91959f627af7275e15c037b93ae2c808196e9938b6
02_数据/v1_2最优MLP/逐数据集/jf17k/evaluation_results.jsonl,4692,7c55c56c06a955c426b2716af18c77740a9894e494cc59c7c61be9440c40e19f
02_数据/v1_2最优MLP/逐数据集/jf17k/ranking.csv,12267,6e2ffe79dc5add0f4ea25b7cfaf0f2c41a3b7604253b89c8b796406bd82f855b
02_数据/v1_2最优MLP/逐数据集/jf17k/search_manifest.json,15506,d6ed9aa56a4b2f199b192e85c7fe4ce5a032b523f6a71e805f62d6f09bc41deb
02_数据/v1_2最优MLP/逐数据集/jf17k/summary.json,285,ed9f3bae37b21478a9893abd8fcb0b92f666fe94623b3450e1e98a8d3898f89f
02_数据/v1_2最优MLP/逐数据集/m_fb15k/best_config.json,5524,09eb08a50ee28e69a3e4ec1f08a7f3dda5aa82bafd85b04d0fc3c2adffb290ce
02_数据/v1_2最优MLP/逐数据集/m_fb15k/evaluation_results.jsonl,4746,4bd24fb9e785a801c5a64f057b71673dfc29ed85eae127255d74d9ca40182111
02_数据/v1_2最优MLP/逐数据集/m_fb15k/ranking.csv,12281,60a7f38a86e9de4a06f480213ea3d598cfd0d50f9790a04ab83031a9b506e03d
02_数据/v1_2最优MLP/逐数据集/m_fb15k/search_manifest.json,15514,3fe5990342660616cc53d0fb6d4787129ecdd81e52cf994494f2a31d8caaa355
02_数据/v1_2最优MLP/逐数据集/m_fb15k/summary.json,287,7d98ad54abb04100709174837d44af06063e5ab7c52850bafe4b422bafb70373
02_数据/v1_2最优MLP/逐数据集/school/best_config.json,5443,0bf8d2b708eb63c469d105c8fa709247c604153dc04cb37b3d967868a5ebbb98
02_数据/v1_2最优MLP/逐数据集/school/evaluation_results.jsonl,4773,32db67a025803a2613d2a463b944d50fdc7974a7768151d88b6ae97361b57e6c
02_数据/v1_2最优MLP/逐数据集/school/ranking.csv,12266,df4f82e238b45b72f42a7e4f673dc4de8edcd454f7cf3314b004beea76af54ec
02_数据/v1_2最优MLP/逐数据集/school/search_manifest.json,15499,ec22cea935c6f16ffc4911b1de64906bf7b44c6de672335c34fdc55150152bcc
02_数据/v1_2最优MLP/逐数据集/school/summary.json,286,038fd9acb0d13ab8415f471f509c84f35aaa27d65272efb13779f7a1f79ea29b
02_数据/v1_2最优MLP/逐数据集/school2/best_config.json,5443,53f59760291575b4c7cbb8af38d0a5f4a6fb51fa3c6e9e1a2ed050dd2668e3c2
02_数据/v1_2最优MLP/逐数据集/school2/evaluation_results.jsonl,4763,a6472864104df69c9df3fd54e7adf44dc631aa74c80b9365182f239a49423ec1
02_数据/v1_2最优MLP/逐数据集/school2/ranking.csv,12252,b9d01d796d06343aac33ee217bff76c158cea61d1f12fd29682ac0ec1dcad3f9
02_数据/v1_2最优MLP/逐数据集/school2/search_manifest.json,15500,e8faee0049c59b61e5d237f39d5191f457d9be3991222bc73d7e1faad799c634
02_数据/v1_2最优MLP/逐数据集/school2/summary.json,287,e903aa88d3409b528bbd5ff56996de7c12cbe546bf57b7f8cc1157d76548fa8b
02_数据/v1_2最优MLP/逐数据集/wikipeople/best_config.json,5635,402bc2549dd23de20f2de0484d35f6c6fc94d6751bcf290ddaf127ea4aeb1856
02_数据/v1_2最优MLP/逐数据集/wikipeople/evaluation_results.jsonl,4793,091ac0a65af411c6c04bc8804f992218e4a5af71ce5d1ec8ab3fdc63e680587d
02_数据/v1_2最优MLP/逐数据集/wikipeople/ranking.csv,12268,2b2bef85716856dbaea1f765245622f2d416c2332b81ad67d85009debea4be75
02_数据/v1_2最优MLP/逐数据集/wikipeople/search_manifest.json,15523,3d2aba7690e01cfaced076aca3d72e8b77449daa2f59cb61371a85a7b866bbf2
02_数据/v1_2最优MLP/逐数据集/wikipeople/summary.json,290,36ea474eb4cd526e0115768b5cce41280584815e8e2f9a07986493bacf296050
03_说明文档/HYPERPARAMETER_TUNING_CN.md,3759,c20d1d6ffe634e006175fd4fd1a2c23d10ee01ec8c745e7661b5c1231765b8a4
03_说明文档/README_v1_1_RESULTS_CN.md,11350,fe1945002c472d96140525126096cf5c328800ede815544a668a574bf5772f0c
03_说明文档/SPRSC_MODIFICATION_INVENTORY_CN.md,12733,85f54787676365e665d3ae3bd043dede535de5f4d4385328ba7b45243fac9d9c
03_说明文档/V1_1_FIGURE_RESULT_ANALYSIS_CN.md,12131,f42041f90cd2cc7a817a17ebb381d716c3abb5f1563a24cd646f4dd9f5404ca2
03_说明文档/V1_1_OPTIMIZATION_LOG_CN.md,19050,638bcc6138840023890c96779a4bd4bb6e4dbc53486ceee3c416d6bc08aa81c8
04_复现脚本/build_v1_2_release.py,9167,91fb72f9f1c48731ffc1faf84137842ed456504cb3d856cdd51f4d344b60a36a
04_复现脚本/export_v1_1_delivery_excel.py,14729,29cfef4281bebb6329a523fa57378fc7f96e2e93b0c648df7154d6f5110ca83e
04_复现脚本/plot_rho_alternatives.py,15328,15fbed19ce41067e67958e65d202e95a6580c880b5b85192496a753e0f9221e9
04_复现脚本/plot_rho_heatmap.py,7463,3183ea87e47ff02e85ff132766a33d4de9ebfa6d39081d89cc3f9b1e6e01385d
04_复现脚本/plot_v1_1_optimal_results.py,21324,7001278908a4a3b407b347b131ecf72d7d69e7293b49bdd90c71dee1c705c8d0
04_复现脚本/run_aligned_mlp_ablation.py,15494,e2201d4df6752fb5d3e339fac73c5874eb3da957771ac3c77893741f887ce5b0
04_复现脚本/run_mlp_tuning_all.py,9821,fd45fff3272134dfc1e8d768a091c19b0dd8980f74b5fd220b8e38b60c6536a8
04_复现脚本/tune_hyperparameters.py,19694,6ea92d9d36d4a0e53d8c25a686c263e303c313cddb7adc1480618670c6cfa461
README_RESULTS_CN.md,6500,55497369cba507c86d9af614d44a5f0692df42490e3cba764fa592a1870d60f9
