dataset,split,max_clique_size_n,subset_size_k,unique_hyperedges_E_nk,sample_space_Q_nk,rho,log10_rho
enron,train,2,1,2,22,0.09090909090909091,-1.041392685158225
enron,train,2,2,11,11,1.0,0.0
enron,train,3,1,12,108,0.1111111111111111,-0.9542425094393249
enron,train,3,2,50,108,0.46296296296296297,-0.3344537511509309
enron,train,3,3,6,36,0.16666666666666666,-0.7781512503836436
enron,train,4,1,18,160,0.1125,-0.9488474775526187
enron,train,4,2,74,240,0.30833333333333335,-0.5109795219806298
enron,train,4,3,6,160,0.0375,-1.4259687322722812
enron,train,4,4,8,40,0.2,-0.6989700043360187
enron,train,5,1,13,195,0.06666666666666667,-1.1760912590556813
enron,train,5,2,99,390,0.25384615384615383,-0.5954294124289493
enron,train,5,3,19,390,0.04871794871794872,-1.3123110060736702
enron,train,5,4,5,195,0.02564102564102564,-1.5910646070264993
enron,train,5,5,2,39,0.05128205128205128,-1.290034611362518
enron,train,6,1,17,168,0.10119047619047619,-0.994860360347589
enron,train,6,2,91,420,0.21666666666666667,-0.6642078980768068
enron,train,6,3,29,560,0.05178571428571429,-1.2857900291072444
enron,train,6,4,14,420,0.03333333333333333,-1.4771212547196626
enron,train,6,5,5,168,0.02976190476190476,-1.526339277389844
enron,train,6,6,3,28,0.10714285714285714,-0.9700367766225568
enron,train,7,1,17,294,0.05782312925170068,-1.2378984090338834
enron,train,7,2,114,882,0.1292517006802721,-0.8885637337953471
enron,train,7,3,43,1470,0.029251700680272108,-1.5338488791685896
enron,train,7,4,16,1470,0.010884353741496598,-1.9631973520922514
enron,train,7,5,5,882,0.005668934240362812,-2.246498580795801
enron,train,7,6,1,294,0.003401360544217687,-2.4683473304121573
enron,train,7,7,3,42,0.07142857142857142,-1.1461280356782382
enron,train,8,1,17,296,0.057432432432432436,-1.2408427896806646
enron,train,8,2,136,1036,0.13127413127413126,-0.8818208470389968
enron,train,8,3,61,2072,0.02944015444015444,-1.5310599160624283
enron,train,8,4,21,2590,0.008108108108108109,-2.0910804693473324
enron,train,8,5,8,2072,0.003861003861003861,-2.413299764081252
enron,train,8,6,5,1036,0.004826254826254826,-2.3163897510731952
enron,train,8,7,4,296,0.013513513513513514,-1.8692317197309762
enron,train,8,8,5,37,0.13513513513513514,-0.8692317197309762
enron,train,9,1,16,243,0.06584362139917696,-1.1814862909423873
enron,train,9,2,136,972,0.13991769547325103,-0.854127356556057
enron,train,9,3,47,2268,0.02072310405643739,-1.6835451922851514
enron,train,9,4,7,3402,0.00205761316872428,-2.6866362692622934
enron,train,9,5,6,3402,0.001763668430335097,-2.7535830588929064
enron,train,9,6,3,2268,0.0013227513227513227,-2.8785217955012063
enron,train,9,7,1,972,0.00102880658436214,-2.9876662649262746
enron,train,9,8,1,243,0.00411522633744856,-2.385606273598312
enron,train,9,9,0,27,0.0,
enron,train,10,1,11,120,0.09166666666666666,-1.0377885608893997
enron,train,10,2,81,540,0.15,-0.8239087409443188
enron,train,10,3,25,1440,0.017361111111111112,-1.760422483423212
enron,train,10,4,2,2520,0.0007936507936507937,-3.100370545117563
enron,train,10,5,1,3024,0.00033068783068783067,-3.480581786829169
enron,train,10,6,0,2520,0.0,
enron,train,10,7,0,1440,0.0,
enron,train,10,8,0,540,0.0,
enron,train,10,9,0,120,0.0,
enron,train,10,10,2,12,0.16666666666666666,-0.7781512503836436
enron,train,11,1,12,154,0.07792207792207792,-1.1083394747888382
enron,train,11,2,107,770,0.13896103896103895,-0.8571069474872722
enron,train,11,3,45,2310,0.01948051948051948,-1.7103994661168005
enron,train,11,4,11,4620,0.002380952380952381,-2.6232492903979003
enron,train,11,5,6,6468,0.0009276437847866419,-3.03261876085072
enron,train,11,6,1,6468,0.00015460729746444033,-3.8107700112343634
enron,train,11,7,3,4620,0.0006493506493506494,-3.187520720836463
enron,train,11,8,2,2310,0.0008658008658008658,-3.062581984228163
enron,train,11,9,0,770,0.0,
enron,train,11,10,0,154,0.0,
enron,train,11,11,2,14,0.14285714285714285,-0.8450980400142569
enron,train,12,1,12,156,0.07692307692307693,-1.1139433523068367
enron,train,12,2,111,858,0.12937062937062938,-0.8881643090620479
enron,train,12,3,42,2860,0.014685314685314685,-1.8331167427311426
enron,train,12,4,9,6435,0.0013986013986013986,-2.8543060418010806
enron,train,12,5,2,10296,0.00019425019425019425,-3.711638538232349
enron,train,12,6,1,12012,8.325008325008325e-05,-4.0796153235269434
enron,train,12,7,1,10296,9.712509712509713e-05,-4.01266853389633
enron,train,12,8,1,6435,0.0001554001554001554,-3.8085485512404054
enron,train,12,9,0,2860,0.0,
enron,train,12,10,0,858,0.0,
enron,train,12,11,0,156,0.0,
enron,train,12,12,2,13,0.15384615384615385,-0.8129133566428556
enron,train,13,1,13,143,0.09090909090909091,-1.041392685158225
enron,train,13,2,113,858,0.1317016317016317,-0.8804088443652857
enron,train,13,3,52,3146,0.01652892561983471,-1.7817553746524688
enron,train,13,4,18,7865,0.0022886204704386523,-2.6404262218559995
enron,train,13,5,6,14157,0.0004238186056367875,-3.372819981678968
enron,train,13,6,9,18876,0.00047679593134138587,-3.3216674592315867
enron,train,13,7,7,18876,0.00037084127993218904,-3.430811928656655
enron,train,13,8,6,14157,0.0004238186056367875,-3.372819981678968
enron,train,13,9,1,7865,0.00012714558169103624,-3.8956987269593055
enron,train,13,10,2,3146,0.0006357279084551812,-3.196728722623287
enron,train,13,11,1,858,0.0011655011655011655,-2.9334872878487053
enron,train,13,12,3,143,0.02097902097902098,-1.6782147827453993
enron,train,13,13,2,11,0.18181818181818182,-0.7403626894942439
enron,train,14,1,10,56,0.17857142857142858,-0.7481880270062005
enron,train,14,2,67,364,0.18406593406593408,-0.7350265809482295
enron,train,14,3,35,1456,0.02403846153846154,-1.6190933306267428
enron,train,14,4,8,4004,0.001998001998001998,-2.6994040818153375
enron,train,14,5,3,8008,0.0003746253746253746,-3.4264028097516
enron,train,14,6,3,12012,0.00024975024975024975,-3.602494068807281
enron,train,14,7,2,13728,0.0001456876456876457,-3.836577274840649
enron,train,14,8,1,12012,8.325008325008325e-05,-4.0796153235269434
enron,train,14,9,0,8008,0.0,
enron,train,14,10,0,4004,0.0,
enron,train,14,11,0,1456,0.0,
enron,train,14,12,0,364,0.0,
enron,train,14,13,0,56,0.0,
enron,train,14,14,0,4,0.0,
enron,train,15,1,5,15,0.3333333333333333,-0.4771212547196625
enron,train,15,2,29,105,0.2761904761904762,-0.558791301170982
enron,train,15,3,13,455,0.02857142857142857,-1.5440680443502757
enron,train,15,4,1,1365,0.0007326007326007326,-3.1351326513767748
enron,train,15,5,0,3003,0.0,
enron,train,15,6,0,5005,0.0,
enron,train,15,7,1,6435,0.0001554001554001554,-3.8085485512404054
enron,train,15,8,1,6435,0.0001554001554001554,-3.8085485512404054
enron,train,15,9,0,5005,0.0,
enron,train,15,10,0,3003,0.0,
enron,train,15,11,0,1365,0.0,
enron,train,15,12,0,455,0.0,
enron,train,15,13,0,105,0.0,
enron,train,15,14,0,15,0.0,
enron,train,15,15,0,1,0.0,
enron,train,16,1,5,64,0.078125,-1.1072099696478683
enron,train,16,2,33,480,0.06875,-1.1627272974976997
enron,train,16,3,13,2240,0.005803571428571429,-2.236304666027326
enron,train,16,4,0,7280,0.0,
enron,train,16,5,0,17472,0.0,
enron,train,16,6,0,32032,0.0,
enron,train,16,7,1,45760,2.1853146853146853e-05,-4.660486015784968
enron,train,16,8,1,51480,1.9425019425019425e-05,-4.711638538232349
enron,train,16,9,0,45760,0.0,
enron,train,16,10,0,32032,0.0,
enron,train,16,11,0,17472,0.0,
enron,train,16,12,0,7280,0.0,
enron,train,16,13,0,2240,0.0,
enron,train,16,14,0,480,0.0,
enron,train,16,15,0,64,0.0,
enron,train,16,16,2,4,0.5,-0.3010299956639812
enron,test,2,1,5,40,0.125,-0.9030899869919435
enron,test,2,2,20,20,1.0,0.0
enron,test,3,1,14,129,0.10852713178294573,-0.964461674621011
enron,test,3,2,66,129,0.5116279069767442,-0.29104577475738025
enron,test,3,3,9,43,0.20930232558139536,-0.6792259461402617
enron,test,4,1,16,108,0.14814814814814814,-0.829303772831025
enron,test,4,2,47,162,0.29012345679012347,-0.5374171566069135
enron,test,4,3,16,108,0.14814814814814814,-0.829303772831025
enron,test,4,4,2,27,0.07407407407407407,-1.130333768495006
enron,test,5,1,12,125,0.096,-1.0177287669604316
enron,test,5,2,54,250,0.216,-0.6655462488490691
enron,test,5,3,13,250,0.052,-1.2839966563652008
enron,test,5,4,7,125,0.056,-1.2518119729937995
enron,test,5,5,2,25,0.08,-1.0969100130080565
enron,test,6,1,16,192,0.08333333333333333,-1.0791812460476249
enron,test,6,2,80,480,0.16666666666666666,-0.7781512503836436
enron,test,6,3,25,640,0.0390625,-1.4082399653118496
enron,test,6,4,2,480,0.004166666666666667,-2.380211241711606
enron,test,6,5,1,192,0.005208333333333333,-2.2833012287035497
enron,test,6,6,1,32,0.03125,-1.505149978319906
enron,test,7,1,13,189,0.06878306878306878,-1.1625184518664073
enron,test,7,2,122,567,0.21516754850088182,-0.6672232282181584
enron,test,7,3,50,945,0.05291005291005291,-1.276461804173244
enron,test,7,4,13,945,0.013756613756613757,-1.861488456202426
enron,test,7,5,8,567,0.014109347442680775,-1.8504930719009631
enron,test,7,6,0,189,0.0,
enron,test,7,7,1,27,0.037037037037037035,-1.4313637641589874
enron,test,8,1,20,360,0.05555555555555555,-1.255272505103306
enron,test,8,2,171,1260,0.1357142857142857,-0.8673744347254091
enron,test,8,3,57,2520,0.02261904761904762,-1.6455256851090527
enron,test,8,4,32,3150,0.010158730158730159,-1.9931605754696946
enron,test,8,5,13,2520,0.005158730158730159,-2.2874571884747072
enron,test,8,6,9,1260,0.007142857142857143,-2.146128035678238
enron,test,8,7,5,360,0.013888888888888888,-1.8573324964312685
enron,test,8,8,1,45,0.022222222222222223,-1.6532125137753437
enron,test,9,1,13,369,0.03523035230352303,-1.4530830138522237
enron,test,9,2,131,1476,0.08875338753387534,-1.0518150618312585
enron,test,9,3,58,3444,0.01684088269454123,-1.77363514921868
enron,test,9,4,14,5166,0.0027100271002710027,-2.56702636615906
enron,test,9,5,9,5166,0.0017421602787456446,-2.7589118923979736
enron,test,9,6,4,3444,0.0011614401858304297,-2.935003151453655
enron,test,9,7,1,1476,0.0006775067750677507,-3.1690863574870227
enron,test,9,8,2,369,0.005420054200542005,-2.265996370495079
enron,test,9,9,0,41,0.0,
enron,test,10,1,12,290,0.041379310344827586,-1.3832167518513312
enron,test,10,2,110,1305,0.0842911877394636,-1.0742178265160747
enron,test,10,3,42,3480,0.01206896551724138,-1.9183299535486804
enron,test,10,4,14,6090,0.0022988505747126436,-2.6384892569546374
enron,test,10,5,6,7308,0.0008210180623973727,-3.0856472882968564
enron,test,10,6,4,6090,0.0006568144499178982,-3.182557301304913
enron,test,10,7,2,3480,0.0005747126436781609,-3.2405492482825995
enron,test,10,8,2,1305,0.0015325670498084292,-2.8145805160103183
enron,test,10,9,0,290,0.0,
enron,test,10,10,2,29,0.06896551724137931,-1.1613680022349748
enron,test,11,1,8,418,0.019138755980861243,-1.7180862947830917
enron,test,11,2,89,2090,0.042583732057416265,-1.3707562794661412
enron,test,11,3,32,6270,0.005103668261562998,-2.2921175625108106
enron,test,11,4,15,12540,0.0011961722488038277,-2.9222062774390163
enron,test,11,5,7,17556,0.00039872408293460925,-3.399327532158679
enron,test,11,6,2,17556,0.0001139211665527455,-3.9433955765089546
enron,test,11,7,1,12540,7.974481658692185e-05,-4.098297536494698
enron,test,11,8,2,6270,0.0003189792663476874,-3.496237545166735
enron,test,11,9,0,2090,0.0,
enron,test,11,10,2,418,0.004784688995215311,-2.3201462861110542
enron,test,11,11,2,38,0.05263157894736842,-1.278753600952829
enron,test,12,1,10,288,0.034722222222222224,-1.4593924877592308
enron,test,12,2,95,1584,0.05997474747474747,-1.2220315719646269
enron,test,12,3,29,5280,0.005492424242424242,-2.260235924634856
enron,test,12,4,15,11880,0.0012626262626262627,-2.8987251815894934
enron,test,12,5,8,19008,0.00042087542087542086,-3.375846436309156
enron,test,12,6,3,22176,0.00013528138528138528,-3.8687619582120503
enron,test,12,7,3,19008,0.00015782828282828284,-3.801815168581437
enron,test,12,8,1,11880,8.417508417508418e-05,-4.074816440645175
enron,test,12,9,2,5280,0.0003787878787878788,-3.4216039268698313
enron,test,12,10,2,1584,0.0012626262626262627,-2.8987251815894934
enron,test,12,11,0,288,0.0,
enron,test,12,12,1,24,0.041666666666666664,-1.3802112417116061
enron,test,13,1,12,91,0.13186813186813187,-0.8798601462734688
enron,test,13,2,73,546,0.1336996336996337,-0.8738697825842814
enron,test,13,3,33,2002,0.016483516483516484,-1.7829501332654123
enron,test,13,4,15,5005,0.002997002997002997,-2.523312822759656
enron,test,13,5,3,9009,0.000333000333000333,-3.477555332198981
enron,test,13,6,1,12012,8.325008325008325e-05,-4.0796153235269434
enron,test,13,7,0,12012,0.0,
enron,test,13,8,0,9009,0.0,
enron,test,13,9,1,5005,0.0001998001998001998,-3.6994040818153375
enron,test,13,10,1,2002,0.0004995004995004995,-3.3014640731432996
enron,test,13,11,1,546,0.0018315018315018315,-2.7371926427047373
enron,test,13,12,1,91,0.01098901098901099,-1.9590413923210934
enron,test,13,13,1,7,0.14285714285714285,-0.8450980400142569
enron,test,15,1,4,30,0.13333333333333333,-0.8750612633917001
enron,test,15,2,41,210,0.19523809523809524,-0.7094354380141837
enron,test,15,3,14,910,0.015384615384615385,-1.8129133566428555
enron,test,15,4,7,2730,0.002564102564102564,-2.591064607026499
enron,test,15,5,3,6006,0.0004995004995004995,-3.3014640731432996
enron,test,15,6,3,10010,0.0002997002997002997,-3.523312822759656
enron,test,15,7,0,12870,0.0,
enron,test,15,8,0,12870,0.0,
enron,test,15,9,0,10010,0.0,
enron,test,15,10,0,6006,0.0,
enron,test,15,11,0,2730,0.0,
enron,test,15,12,0,910,0.0,
enron,test,15,13,0,210,0.0,
enron,test,15,14,0,30,0.0,
enron,test,15,15,1,2,0.5,-0.3010299956639812
enron,test,18,1,7,36,0.19444444444444445,-0.7112044607530305
enron,test,18,2,39,306,0.12745098039215685,-0.8946568194550808
enron,test,18,3,18,1632,0.011029411764705883,-1.9574476493145363
enron,test,18,4,9,6120,0.0014705882352941176,-2.832508912706236
enron,test,18,5,6,17136,0.00035014005602240897,-3.455758203104137
enron,test,18,6,2,37128,5.3867700926524454e-05,-4.268671559746992
enron,test,18,7,3,63648,4.71342383107089e-05,-4.326663506724679
enron,test,18,8,0,87516,0.0,
enron,test,18,9,2,97240,2.0567667626491154e-05,-4.686814954507317
enron,test,18,10,0,87516,0.0,
enron,test,18,11,0,63648,0.0,
enron,test,18,12,0,37128,0.0,
enron,test,18,13,0,17136,0.0,
enron,test,18,14,0,6120,0.0,
enron,test,18,15,0,1632,0.0,
enron,test,18,16,0,306,0.0,
enron,test,18,17,0,36,0.0,
enron,test,18,18,2,2,1.0,0.0
