dataset,channel,snr_db,completed_methods,methods
enron,AWGN,0,4,SHyRe;Max Clique;ECC;DEMON
enron,AWGN,2,4,SHyRe;Max Clique;ECC;DEMON
enron,AWGN,4,4,SHyRe;Max Clique;ECC;DEMON
enron,AWGN,6,4,SHyRe;Max Clique;ECC;DEMON
enron,AWGN,8,4,SHyRe;Max Clique;ECC;DEMON
enron,AWGN,10,4,SHyRe;Max Clique;ECC;DEMON
enron,AWGN,12,4,SHyRe;Max Clique;ECC;DEMON
enron,AWGN,14,4,SHyRe;Max Clique;ECC;DEMON
enron,AWGN,16,4,SHyRe;Max Clique;ECC;DEMON
enron,AWGN,18,4,SHyRe;Max Clique;ECC;DEMON
enron,AWGN,20,4,SHyRe;Max Clique;ECC;DEMON
enron,RAYLEIGH,0,4,SHyRe;Max Clique;ECC;DEMON
enron,RAYLEIGH,2,4,SHyRe;Max Clique;ECC;DEMON
enron,RAYLEIGH,4,4,SHyRe;Max Clique;ECC;DEMON
enron,RAYLEIGH,6,4,SHyRe;Max Clique;ECC;DEMON
enron,RAYLEIGH,8,4,SHyRe;Max Clique;ECC;DEMON
enron,RAYLEIGH,10,4,SHyRe;Max Clique;ECC;DEMON
enron,RAYLEIGH,12,4,SHyRe;Max Clique;ECC;DEMON
enron,RAYLEIGH,14,4,SHyRe;Max Clique;ECC;DEMON
enron,RAYLEIGH,16,4,SHyRe;Max Clique;ECC;DEMON
enron,RAYLEIGH,18,4,SHyRe;Max Clique;ECC;DEMON
enron,RAYLEIGH,20,4,SHyRe;Max Clique;ECC;DEMON
foursquare,AWGN,0,4,SHyRe;Max Clique;ECC;DEMON
foursquare,AWGN,2,4,SHyRe;Max Clique;ECC;DEMON
foursquare,AWGN,4,4,SHyRe;Max Clique;ECC;DEMON
foursquare,AWGN,6,4,SHyRe;Max Clique;ECC;DEMON
foursquare,AWGN,8,0,
foursquare,AWGN,10,0,
foursquare,AWGN,12,0,
foursquare,AWGN,14,0,
foursquare,AWGN,16,4,SHyRe;Max Clique;ECC;DEMON
foursquare,AWGN,18,4,SHyRe;Max Clique;ECC;DEMON
foursquare,AWGN,20,4,SHyRe;Max Clique;ECC;DEMON
foursquare,RAYLEIGH,0,4,SHyRe;Max Clique;ECC;DEMON
foursquare,RAYLEIGH,2,4,SHyRe;Max Clique;ECC;DEMON
foursquare,RAYLEIGH,4,4,SHyRe;Max Clique;ECC;DEMON
foursquare,RAYLEIGH,6,4,SHyRe;Max Clique;ECC;DEMON
foursquare,RAYLEIGH,8,4,SHyRe;Max Clique;ECC;DEMON
foursquare,RAYLEIGH,10,0,
foursquare,RAYLEIGH,12,0,
foursquare,RAYLEIGH,14,0,
foursquare,RAYLEIGH,16,0,
foursquare,RAYLEIGH,18,0,
foursquare,RAYLEIGH,20,0,
hosts,AWGN,0,4,SHyRe;Max Clique;ECC;DEMON
hosts,AWGN,2,4,SHyRe;Max Clique;ECC;DEMON
hosts,AWGN,4,4,SHyRe;Max Clique;ECC;DEMON
hosts,AWGN,6,4,SHyRe;Max Clique;ECC;DEMON
hosts,AWGN,8,4,SHyRe;Max Clique;ECC;DEMON
hosts,AWGN,10,4,SHyRe;Max Clique;ECC;DEMON
hosts,AWGN,12,4,SHyRe;Max Clique;ECC;DEMON
hosts,AWGN,14,4,SHyRe;Max Clique;ECC;DEMON
hosts,AWGN,16,4,SHyRe;Max Clique;ECC;DEMON
hosts,AWGN,18,4,SHyRe;Max Clique;ECC;DEMON
hosts,AWGN,20,4,SHyRe;Max Clique;ECC;DEMON
hosts,RAYLEIGH,0,4,SHyRe;Max Clique;ECC;DEMON
hosts,RAYLEIGH,2,4,SHyRe;Max Clique;ECC;DEMON
hosts,RAYLEIGH,4,4,SHyRe;Max Clique;ECC;DEMON
hosts,RAYLEIGH,6,4,SHyRe;Max Clique;ECC;DEMON
hosts,RAYLEIGH,8,4,SHyRe;Max Clique;ECC;DEMON
hosts,RAYLEIGH,10,4,SHyRe;Max Clique;ECC;DEMON
hosts,RAYLEIGH,12,4,SHyRe;Max Clique;ECC;DEMON
hosts,RAYLEIGH,14,4,SHyRe;Max Clique;ECC;DEMON
hosts,RAYLEIGH,16,4,SHyRe;Max Clique;ECC;DEMON
hosts,RAYLEIGH,18,4,SHyRe;Max Clique;ECC;DEMON
hosts,RAYLEIGH,20,4,SHyRe;Max Clique;ECC;DEMON
school,AWGN,0,4,SHyRe;Max Clique;ECC;DEMON
school,AWGN,2,4,SHyRe;Max Clique;ECC;DEMON
school,AWGN,4,4,SHyRe;Max Clique;ECC;DEMON
school,AWGN,6,4,SHyRe;Max Clique;ECC;DEMON
school,AWGN,8,4,SHyRe;Max Clique;ECC;DEMON
school,AWGN,10,4,SHyRe;Max Clique;ECC;DEMON
school,AWGN,12,4,SHyRe;Max Clique;ECC;DEMON
school,AWGN,14,4,SHyRe;Max Clique;ECC;DEMON
school,AWGN,16,4,SHyRe;Max Clique;ECC;DEMON
school,AWGN,18,4,SHyRe;Max Clique;ECC;DEMON
school,AWGN,20,4,SHyRe;Max Clique;ECC;DEMON
school,RAYLEIGH,0,4,SHyRe;Max Clique;ECC;DEMON
school,RAYLEIGH,2,4,SHyRe;Max Clique;ECC;DEMON
school,RAYLEIGH,4,4,SHyRe;Max Clique;ECC;DEMON
school,RAYLEIGH,6,4,SHyRe;Max Clique;ECC;DEMON
school,RAYLEIGH,8,4,SHyRe;Max Clique;ECC;DEMON
school,RAYLEIGH,10,4,SHyRe;Max Clique;ECC;DEMON
school,RAYLEIGH,12,4,SHyRe;Max Clique;ECC;DEMON
school,RAYLEIGH,14,4,SHyRe;Max Clique;ECC;DEMON
school,RAYLEIGH,16,4,SHyRe;Max Clique;ECC;DEMON
school,RAYLEIGH,18,4,SHyRe;Max Clique;ECC;DEMON
school,RAYLEIGH,20,4,SHyRe;Max Clique;ECC;DEMON
school2,AWGN,0,4,SHyRe;Max Clique;ECC;DEMON
school2,AWGN,2,4,SHyRe;Max Clique;ECC;DEMON
school2,AWGN,4,4,SHyRe;Max Clique;ECC;DEMON
school2,AWGN,6,4,SHyRe;Max Clique;ECC;DEMON
school2,AWGN,8,4,SHyRe;Max Clique;ECC;DEMON
school2,AWGN,10,4,SHyRe;Max Clique;ECC;DEMON
school2,AWGN,12,4,SHyRe;Max Clique;ECC;DEMON
school2,AWGN,14,4,SHyRe;Max Clique;ECC;DEMON
school2,AWGN,16,4,SHyRe;Max Clique;ECC;DEMON
school2,AWGN,18,4,SHyRe;Max Clique;ECC;DEMON
school2,AWGN,20,4,SHyRe;Max Clique;ECC;DEMON
school2,RAYLEIGH,0,4,SHyRe;Max Clique;ECC;DEMON
school2,RAYLEIGH,2,4,SHyRe;Max Clique;ECC;DEMON
school2,RAYLEIGH,4,4,SHyRe;Max Clique;ECC;DEMON
school2,RAYLEIGH,6,4,SHyRe;Max Clique;ECC;DEMON
school2,RAYLEIGH,8,4,SHyRe;Max Clique;ECC;DEMON
school2,RAYLEIGH,10,4,SHyRe;Max Clique;ECC;DEMON
school2,RAYLEIGH,12,4,SHyRe;Max Clique;ECC;DEMON
school2,RAYLEIGH,14,4,SHyRe;Max Clique;ECC;DEMON
school2,RAYLEIGH,16,4,SHyRe;Max Clique;ECC;DEMON
school2,RAYLEIGH,18,4,SHyRe;Max Clique;ECC;DEMON
school2,RAYLEIGH,20,4,SHyRe;Max Clique;ECC;DEMON
directors,AWGN,0,4,SHyRe;Max Clique;ECC;DEMON
directors,AWGN,2,4,SHyRe;Max Clique;ECC;DEMON
directors,AWGN,4,4,SHyRe;Max Clique;ECC;DEMON
directors,AWGN,6,4,SHyRe;Max Clique;ECC;DEMON
directors,AWGN,8,4,SHyRe;Max Clique;ECC;DEMON
directors,AWGN,10,4,SHyRe;Max Clique;ECC;DEMON
directors,AWGN,12,4,SHyRe;Max Clique;ECC;DEMON
directors,AWGN,14,4,SHyRe;Max Clique;ECC;DEMON
directors,AWGN,16,4,SHyRe;Max Clique;ECC;DEMON
directors,AWGN,18,4,SHyRe;Max Clique;ECC;DEMON
directors,AWGN,20,4,SHyRe;Max Clique;ECC;DEMON
directors,RAYLEIGH,0,4,SHyRe;Max Clique;ECC;DEMON
directors,RAYLEIGH,2,4,SHyRe;Max Clique;ECC;DEMON
directors,RAYLEIGH,4,4,SHyRe;Max Clique;ECC;DEMON
directors,RAYLEIGH,6,4,SHyRe;Max Clique;ECC;DEMON
directors,RAYLEIGH,8,4,SHyRe;Max Clique;ECC;DEMON
directors,RAYLEIGH,10,4,SHyRe;Max Clique;ECC;DEMON
directors,RAYLEIGH,12,4,SHyRe;Max Clique;ECC;DEMON
directors,RAYLEIGH,14,4,SHyRe;Max Clique;ECC;DEMON
directors,RAYLEIGH,16,4,SHyRe;Max Clique;ECC;DEMON
directors,RAYLEIGH,18,4,SHyRe;Max Clique;ECC;DEMON
directors,RAYLEIGH,20,4,SHyRe;Max Clique;ECC;DEMON
crime,AWGN,0,4,SHyRe;Max Clique;ECC;DEMON
crime,AWGN,2,4,SHyRe;Max Clique;ECC;DEMON
crime,AWGN,4,4,SHyRe;Max Clique;ECC;DEMON
crime,AWGN,6,4,SHyRe;Max Clique;ECC;DEMON
crime,AWGN,8,4,SHyRe;Max Clique;ECC;DEMON
crime,AWGN,10,4,SHyRe;Max Clique;ECC;DEMON
crime,AWGN,12,4,SHyRe;Max Clique;ECC;DEMON
crime,AWGN,14,4,SHyRe;Max Clique;ECC;DEMON
crime,AWGN,16,4,SHyRe;Max Clique;ECC;DEMON
crime,AWGN,18,4,SHyRe;Max Clique;ECC;DEMON
crime,AWGN,20,4,SHyRe;Max Clique;ECC;DEMON
crime,RAYLEIGH,0,4,SHyRe;Max Clique;ECC;DEMON
crime,RAYLEIGH,2,4,SHyRe;Max Clique;ECC;DEMON
crime,RAYLEIGH,4,4,SHyRe;Max Clique;ECC;DEMON
crime,RAYLEIGH,6,4,SHyRe;Max Clique;ECC;DEMON
crime,RAYLEIGH,8,4,SHyRe;Max Clique;ECC;DEMON
crime,RAYLEIGH,10,4,SHyRe;Max Clique;ECC;DEMON
crime,RAYLEIGH,12,4,SHyRe;Max Clique;ECC;DEMON
crime,RAYLEIGH,14,4,SHyRe;Max Clique;ECC;DEMON
crime,RAYLEIGH,16,4,SHyRe;Max Clique;ECC;DEMON
crime,RAYLEIGH,18,4,SHyRe;Max Clique;ECC;DEMON
crime,RAYLEIGH,20,4,SHyRe;Max Clique;ECC;DEMON
