rank,trial_id,model,complete,completed_seeds,required_seeds,mean_objective_f1,std_objective_f1,robust_score,mean_runtime_seconds,config_json
1,d1bb9571cb05,mlp,True,3,3,0.7519107568648904,0.0008843494209029072,0.7514685821544389,700.5803220730353,"{""channel_beta"": 1.0, ""channel_tau_e"": 0.58, ""channel_temperature"": 1.0, ""class_balance"": ""upsample"", ""decision_threshold"": 0.4, ""epochs"": 500, ""logistic_c"": 1.0, ""logistic_class_weight"": ""none"", ""logistic_max_iter"": 100, ""lr"": 0.001, ""mlp_alpha"": 0.0001, ""mlp_early_stopping"": true, ""mlp_hidden_layers"": [128, 64], ""mlp_n_iter_no_change"": 10, ""mlp_validation_fraction"": 0.1, ""model"": ""mlp"", ""rf_class_weight"": ""none"", ""rf_max_depth"": 0, ""rf_max_features"": ""sqrt"", ""rf_min_samples_leaf"": 1, ""rf_n_estimators"": 100, ""soft_reliability_mode"": ""off"", ""train_channel_matched"": false, ""train_snr_offsets"": [0.0], ""upsample_positive_ratio"": 1.0}"
2,f41663d6d2ac,mlp,True,3,3,0.7517430278571045,0.0009382753770600851,0.7512738901685744,869.7283031913685,"{""channel_beta"": 1.0, ""channel_tau_e"": 0.58, ""channel_temperature"": 1.0, ""class_balance"": ""upsample"", ""decision_threshold"": 0.5, ""epochs"": 2000, ""logistic_c"": 1.0, ""logistic_class_weight"": ""none"", ""logistic_max_iter"": 100, ""lr"": 0.001, ""mlp_alpha"": 1e-05, ""mlp_early_stopping"": false, ""mlp_hidden_layers"": [128, 64], ""mlp_n_iter_no_change"": 10, ""mlp_validation_fraction"": 0.1, ""model"": ""mlp"", ""rf_class_weight"": ""none"", ""rf_max_depth"": 0, ""rf_max_features"": ""sqrt"", ""rf_min_samples_leaf"": 1, ""rf_n_estimators"": 100, ""soft_reliability_mode"": ""off"", ""train_channel_matched"": false, ""train_snr_offsets"": [0.0], ""upsample_positive_ratio"": 0.5}"
3,daa0cb16a9fa,mlp,True,3,3,0.7510899302938737,0.0023446493456040335,0.7499176056210717,1498.68151051132,"{""channel_beta"": 1.0, ""channel_tau_e"": 0.58, ""channel_temperature"": 1.0, ""class_balance"": ""upsample"", ""decision_threshold"": 0.6, ""epochs"": 1000, ""logistic_c"": 1.0, ""logistic_class_weight"": ""none"", ""logistic_max_iter"": 100, ""lr"": 0.0001, ""mlp_alpha"": 0.0001, ""mlp_early_stopping"": false, ""mlp_hidden_layers"": [128, 64], ""mlp_n_iter_no_change"": 20, ""mlp_validation_fraction"": 0.1, ""model"": ""mlp"", ""rf_class_weight"": ""none"", ""rf_max_depth"": 0, ""rf_max_features"": ""sqrt"", ""rf_min_samples_leaf"": 1, ""rf_n_estimators"": 100, ""soft_reliability_mode"": ""off"", ""train_channel_matched"": false, ""train_snr_offsets"": [0.0], ""upsample_positive_ratio"": 1.0}"
4,955081aa5f80,mlp,True,3,3,0.7501269545593882,0.0008863949352015431,0.7496837570917874,732.9468135420078,"{""channel_beta"": 1.0, ""channel_tau_e"": 0.58, ""channel_temperature"": 1.0, ""class_balance"": ""upsample"", ""decision_threshold"": 0.4, ""epochs"": 500, ""logistic_c"": 1.0, ""logistic_class_weight"": ""none"", ""logistic_max_iter"": 100, ""lr"": 0.0003, ""mlp_alpha"": 0.001, ""mlp_early_stopping"": false, ""mlp_hidden_layers"": [128], ""mlp_n_iter_no_change"": 40, ""mlp_validation_fraction"": 0.1, ""model"": ""mlp"", ""rf_class_weight"": ""none"", ""rf_max_depth"": 0, ""rf_max_features"": ""sqrt"", ""rf_min_samples_leaf"": 1, ""rf_n_estimators"": 100, ""soft_reliability_mode"": ""off"", ""train_channel_matched"": false, ""train_snr_offsets"": [0.0], ""upsample_positive_ratio"": 0.5}"
5,b29da578cc1d,mlp,True,3,3,0.7496374880203639,0.00040392514789425833,0.7494355254464168,733.3241166259783,"{""channel_beta"": 1.0, ""channel_tau_e"": 0.58, ""channel_temperature"": 1.0, ""class_balance"": ""none"", ""decision_threshold"": 0.6, ""epochs"": 1000, ""logistic_c"": 1.0, ""logistic_class_weight"": ""none"", ""logistic_max_iter"": 100, ""lr"": 0.0003, ""mlp_alpha"": 0.001, ""mlp_early_stopping"": false, ""mlp_hidden_layers"": [128], ""mlp_n_iter_no_change"": 20, ""mlp_validation_fraction"": 0.1, ""model"": ""mlp"", ""rf_class_weight"": ""none"", ""rf_max_depth"": 0, ""rf_max_features"": ""sqrt"", ""rf_min_samples_leaf"": 1, ""rf_n_estimators"": 100, ""soft_reliability_mode"": ""off"", ""train_channel_matched"": false, ""train_snr_offsets"": [0.0], ""upsample_positive_ratio"": 0.2}"
6,bb8bd221214d,mlp,True,3,3,0.7497181062386775,0.0021008301154855327,0.7486676911809348,629.559404168666,"{""channel_beta"": 1.0, ""channel_tau_e"": 0.58, ""channel_temperature"": 1.0, ""class_balance"": ""none"", ""decision_threshold"": 0.6, ""epochs"": 1000, ""logistic_c"": 1.0, ""logistic_class_weight"": ""none"", ""logistic_max_iter"": 100, ""lr"": 0.001, ""mlp_alpha"": 0.001, ""mlp_early_stopping"": true, ""mlp_hidden_layers"": [100], ""mlp_n_iter_no_change"": 40, ""mlp_validation_fraction"": 0.1, ""model"": ""mlp"", ""rf_class_weight"": ""none"", ""rf_max_depth"": 0, ""rf_max_features"": ""sqrt"", ""rf_min_samples_leaf"": 1, ""rf_n_estimators"": 100, ""soft_reliability_mode"": ""off"", ""train_channel_matched"": false, ""train_snr_offsets"": [0.0], ""upsample_positive_ratio"": 1.0}"
7,09110a7af4cb,mlp,True,3,3,0.7480457814004996,9.328221480671551e-05,0.7479991402930962,592.2646686616741,"{""channel_beta"": 1.0, ""channel_tau_e"": 0.58, ""channel_temperature"": 1.0, ""class_balance"": ""none"", ""decision_threshold"": 0.5, ""epochs"": 2000, ""logistic_c"": 1.0, ""logistic_class_weight"": ""none"", ""logistic_max_iter"": 100, ""lr"": 0.0003, ""mlp_alpha"": 0.0001, ""mlp_early_stopping"": false, ""mlp_hidden_layers"": [64], ""mlp_n_iter_no_change"": 10, ""mlp_validation_fraction"": 0.1, ""model"": ""mlp"", ""rf_class_weight"": ""none"", ""rf_max_depth"": 0, ""rf_max_features"": ""sqrt"", ""rf_min_samples_leaf"": 1, ""rf_n_estimators"": 100, ""soft_reliability_mode"": ""off"", ""train_channel_matched"": false, ""train_snr_offsets"": [0.0], ""upsample_positive_ratio"": 0.2}"
8,d654dc28badd,mlp,True,3,3,0.7481634887893412,0.0008137016479149018,0.7477566379653838,524.8802881906353,"{""channel_beta"": 1.0, ""channel_tau_e"": 0.58, ""channel_temperature"": 1.0, ""class_balance"": ""none"", ""decision_threshold"": 0.4, ""epochs"": 500, ""logistic_c"": 1.0, ""logistic_class_weight"": ""none"", ""logistic_max_iter"": 100, ""lr"": 0.001, ""mlp_alpha"": 1e-05, ""mlp_early_stopping"": true, ""mlp_hidden_layers"": [100], ""mlp_n_iter_no_change"": 20, ""mlp_validation_fraction"": 0.1, ""model"": ""mlp"", ""rf_class_weight"": ""none"", ""rf_max_depth"": 0, ""rf_max_features"": ""sqrt"", ""rf_min_samples_leaf"": 1, ""rf_n_estimators"": 100, ""soft_reliability_mode"": ""off"", ""train_channel_matched"": false, ""train_snr_offsets"": [0.0], ""upsample_positive_ratio"": 0.3333333333333333}"
9,87ff049e2067,mlp,True,3,3,0.7467127638146422,0.0015636982288810123,0.7459309147002018,480.31061439670157,"{""channel_beta"": 1.0, ""channel_tau_e"": 0.58, ""channel_temperature"": 1.0, ""class_balance"": ""upsample"", ""decision_threshold"": 0.5, ""epochs"": 2000, ""logistic_c"": 1.0, ""logistic_class_weight"": ""none"", ""logistic_max_iter"": 100, ""lr"": 0.001, ""mlp_alpha"": 1e-05, ""mlp_early_stopping"": true, ""mlp_hidden_layers"": [100], ""mlp_n_iter_no_change"": 10, ""mlp_validation_fraction"": 0.1, ""model"": ""mlp"", ""rf_class_weight"": ""none"", ""rf_max_depth"": 0, ""rf_max_features"": ""sqrt"", ""rf_min_samples_leaf"": 1, ""rf_n_estimators"": 100, ""soft_reliability_mode"": ""off"", ""train_channel_matched"": false, ""train_snr_offsets"": [0.0], ""upsample_positive_ratio"": 0.2}"
10,c6f24b9330d4,mlp,True,3,3,0.7457514099281509,0.00024643926003940466,0.7456281902981312,797.9298182240067,"{""channel_beta"": 1.0, ""channel_tau_e"": 0.58, ""channel_temperature"": 1.0, ""class_balance"": ""upsample"", ""decision_threshold"": 0.5, ""epochs"": 2000, ""logistic_c"": 1.0, ""logistic_class_weight"": ""none"", ""logistic_max_iter"": 100, ""lr"": 0.0001, ""mlp_alpha"": 0.0001, ""mlp_early_stopping"": false, ""mlp_hidden_layers"": [100], ""mlp_n_iter_no_change"": 10, ""mlp_validation_fraction"": 0.1, ""model"": ""mlp"", ""rf_class_weight"": ""none"", ""rf_max_depth"": 0, ""rf_max_features"": ""sqrt"", ""rf_min_samples_leaf"": 1, ""rf_n_estimators"": 100, ""soft_reliability_mode"": ""off"", ""train_channel_matched"": false, ""train_snr_offsets"": [0.0], ""upsample_positive_ratio"": 1.0}"
11,67f09d37bb4f,mlp,True,3,3,0.7459204623327617,0.001567952048816139,0.7451364863083536,619.1182995659765,"{""channel_beta"": 1.0, ""channel_tau_e"": 0.58, ""channel_temperature"": 1.0, ""class_balance"": ""upsample"", ""decision_threshold"": 0.6, ""epochs"": 2000, ""logistic_c"": 1.0, ""logistic_class_weight"": ""none"", ""logistic_max_iter"": 100, ""lr"": 0.0003, ""mlp_alpha"": 1e-05, ""mlp_early_stopping"": false, ""mlp_hidden_layers"": [100], ""mlp_n_iter_no_change"": 10, ""mlp_validation_fraction"": 0.1, ""model"": ""mlp"", ""rf_class_weight"": ""none"", ""rf_max_depth"": 0, ""rf_max_features"": ""sqrt"", ""rf_min_samples_leaf"": 1, ""rf_n_estimators"": 100, ""soft_reliability_mode"": ""off"", ""train_channel_matched"": false, ""train_snr_offsets"": [0.0], ""upsample_positive_ratio"": 0.2}"
12,53e21284e5ff,mlp,True,3,3,0.7473754558924087,0.004544155900466493,0.7451033779421755,564.1796615110167,"{""channel_beta"": 1.0, ""channel_tau_e"": 0.58, ""channel_temperature"": 1.0, ""class_balance"": ""none"", ""decision_threshold"": 0.5, ""epochs"": 2000, ""logistic_c"": 1.0, ""logistic_class_weight"": ""none"", ""logistic_max_iter"": 100, ""lr"": 0.001, ""mlp_alpha"": 0.0001, ""mlp_early_stopping"": false, ""mlp_hidden_layers"": [100], ""mlp_n_iter_no_change"": 10, ""mlp_validation_fraction"": 0.1, ""model"": ""mlp"", ""rf_class_weight"": ""none"", ""rf_max_depth"": 0, ""rf_max_features"": ""sqrt"", ""rf_min_samples_leaf"": 1, ""rf_n_estimators"": 100, ""soft_reliability_mode"": ""off"", ""train_channel_matched"": false, ""train_snr_offsets"": [0.0], ""upsample_positive_ratio"": 0.3333333333333333}"
13,84a27ac9a468,mlp,True,3,3,0.7451507624939492,0.0003977362568699714,0.7449518943655142,694.6302108056843,"{""channel_beta"": 1.0, ""channel_tau_e"": 0.58, ""channel_temperature"": 1.0, ""class_balance"": ""upsample"", ""decision_threshold"": 0.4, ""epochs"": 500, ""logistic_c"": 1.0, ""logistic_class_weight"": ""none"", ""logistic_max_iter"": 100, ""lr"": 0.0001, ""mlp_alpha"": 0.0001, ""mlp_early_stopping"": false, ""mlp_hidden_layers"": [64], ""mlp_n_iter_no_change"": 40, ""mlp_validation_fraction"": 0.1, ""model"": ""mlp"", ""rf_class_weight"": ""none"", ""rf_max_depth"": 0, ""rf_max_features"": ""sqrt"", ""rf_min_samples_leaf"": 1, ""rf_n_estimators"": 100, ""soft_reliability_mode"": ""off"", ""train_channel_matched"": false, ""train_snr_offsets"": [0.0], ""upsample_positive_ratio"": 0.2}"
14,cded56cfa83a,mlp,True,3,3,0.743229014208766,0.0008032663918495434,0.7428273810128412,666.169574463352,"{""channel_beta"": 1.0, ""channel_tau_e"": 0.58, ""channel_temperature"": 1.0, ""class_balance"": ""upsample"", ""decision_threshold"": 0.5, ""epochs"": 500, ""logistic_c"": 1.0, ""logistic_class_weight"": ""none"", ""logistic_max_iter"": 100, ""lr"": 0.0001, ""mlp_alpha"": 0.0001, ""mlp_early_stopping"": true, ""mlp_hidden_layers"": [128], ""mlp_n_iter_no_change"": 20, ""mlp_validation_fraction"": 0.1, ""model"": ""mlp"", ""rf_class_weight"": ""none"", ""rf_max_depth"": 0, ""rf_max_features"": ""sqrt"", ""rf_min_samples_leaf"": 1, ""rf_n_estimators"": 100, ""soft_reliability_mode"": ""off"", ""train_channel_matched"": false, ""train_snr_offsets"": [0.0], ""upsample_positive_ratio"": 0.5}"
15,5c60d2d9658b,mlp,True,3,3,0.7389980982741369,0.0012177839847884841,0.7383892062817426,529.9003840979809,"{""channel_beta"": 1.0, ""channel_tau_e"": 0.58, ""channel_temperature"": 1.0, ""class_balance"": ""none"", ""decision_threshold"": 0.4, ""epochs"": 500, ""logistic_c"": 1.0, ""logistic_class_weight"": ""none"", ""logistic_max_iter"": 100, ""lr"": 0.0001, ""mlp_alpha"": 1e-05, ""mlp_early_stopping"": true, ""mlp_hidden_layers"": [64], ""mlp_n_iter_no_change"": 10, ""mlp_validation_fraction"": 0.1, ""model"": ""mlp"", ""rf_class_weight"": ""none"", ""rf_max_depth"": 0, ""rf_max_features"": ""sqrt"", ""rf_min_samples_leaf"": 1, ""rf_n_estimators"": 100, ""soft_reliability_mode"": ""off"", ""train_channel_matched"": false, ""train_snr_offsets"": [0.0], ""upsample_positive_ratio"": 0.3333333333333333}"
